File,Line,Token,LineText,Model,Surface,Origin,RiskOfChange,InitialRecommendation
analysis\acoustoelastic_iop_hgo\aeBuildFitProblem.m,40,Fast,"solverOptions = getConfigValue(fitConfig, 'solverOptions', aeDefaultSweepOptions(""Fast""));",AE,Fit,solver/API,low,preserve as historical context
analysis\acoustoelastic_iop_hgo\aeDefaultIdentityA0ValidationOptions.m,11,atlasNumYPoints,"options.atlasNumYPoints = 1000;",AE,Fit,Default,low,preserve as historical context
analysis\acoustoelastic_iop_hgo\aeDefaultIdentityA0ValidationOptions.m,12,atlasTopNMinima,"options.atlasTopNMinima = 18;",AE,Fit,Default,low,preserve as historical context
analysis\acoustoelastic_iop_hgo\aeDefaultSweepOptions.m,18,Fast,"case ""Fast""",AE,Fit,Default,low,preserve as historical context
analysis\acoustoelastic_iop_hgo\aeDefaultSweepOptions.m,5,Balanced,"robustness = ""Balanced"";",AE,Fit,Default,low,preserve as historical context
analysis\acoustoelastic_iop_hgo\aeDefaultSweepOptions.m,21,Robust,"case ""Robust""",AE,Fit,Default,low,preserve as historical context
analysis\acoustoelastic_iop_hgo\aeDefaultSweepOptions.m,1,robustness,"function options = aeDefaultSweepOptions(robustness)",AE,Fit,Default,low,preserve as historical context
analysis\acoustoelastic_iop_hgo\aeDefaultSweepOptions.m,4,robustness,"if nargin < 1 || isempty(robustness)",AE,Fit,Default,low,preserve as historical context
analysis\acoustoelastic_iop_hgo\aeDefaultSweepOptions.m,5,robustness,"robustness = ""Balanced"";",AE,Fit,Default,low,preserve as historical context
analysis\acoustoelastic_iop_hgo\aeDefaultSweepOptions.m,13,robustness,"[options.atlasNumYPoints, options.atlasTopNMinima] = localAtlasPreset(robustness);",AE,Fit,Default,low,preserve as historical context
analysis\acoustoelastic_iop_hgo\aeDefaultSweepOptions.m,16,robustness,"function [atlasNumYPoints, atlasTopNMinima] = localAtlasPreset(robustness)",AE,Fit,Default,low,preserve as historical context
analysis\acoustoelastic_iop_hgo\aeDefaultSweepOptions.m,17,robustness,"switch string(robustness)",AE,Fit,Default,low,preserve as historical context
analysis\acoustoelastic_iop_hgo\aeDefaultSweepOptions.m,13,atlasNumYPoints,"[options.atlasNumYPoints, options.atlasTopNMinima] = localAtlasPreset(robustness);",AE,Fit,Default,low,preserve as historical context
analysis\acoustoelastic_iop_hgo\aeDefaultSweepOptions.m,16,atlasNumYPoints,"function [atlasNumYPoints, atlasTopNMinima] = localAtlasPreset(robustness)",AE,Fit,Default,low,preserve as historical context
analysis\acoustoelastic_iop_hgo\aeDefaultSweepOptions.m,19,atlasNumYPoints,"atlasNumYPoints = 300;",AE,Fit,Default,low,preserve as historical context
analysis\acoustoelastic_iop_hgo\aeDefaultSweepOptions.m,22,atlasNumYPoints,"atlasNumYPoints = 900;",AE,Fit,Default,low,preserve as historical context
analysis\acoustoelastic_iop_hgo\aeDefaultSweepOptions.m,25,atlasNumYPoints,"atlasNumYPoints = 600;",AE,Fit,Default,low,preserve as historical context
analysis\acoustoelastic_iop_hgo\aeDefaultSweepOptions.m,13,atlasTopNMinima,"[options.atlasNumYPoints, options.atlasTopNMinima] = localAtlasPreset(robustness);",AE,Fit,Default,low,preserve as historical context
analysis\acoustoelastic_iop_hgo\aeDefaultSweepOptions.m,16,atlasTopNMinima,"function [atlasNumYPoints, atlasTopNMinima] = localAtlasPreset(robustness)",AE,Fit,Default,low,preserve as historical context
analysis\acoustoelastic_iop_hgo\aeDefaultSweepOptions.m,20,atlasTopNMinima,"atlasTopNMinima = 12;",AE,Fit,Default,low,preserve as historical context
analysis\acoustoelastic_iop_hgo\aeDefaultSweepOptions.m,23,atlasTopNMinima,"atlasTopNMinima = 20;",AE,Fit,Default,low,preserve as historical context
analysis\acoustoelastic_iop_hgo\aeDefaultSweepOptions.m,26,atlasTopNMinima,"atlasTopNMinima = 16;",AE,Fit,Default,low,preserve as historical context
analysis\acoustoelastic_iop_hgo\aeEvaluateFitModel.m,16,Fast,"options = aeDefaultSweepOptions(""Fast"");",AE,Fit,solver/API,low,preserve as historical context
analysis\acoustoelastic_iop_hgo\aeFitDispersionData.m,58,MaxIter,"options = optimset('Display', 'off', 'MaxIter', 25, 'MaxFunEvals', 55, 'TolX', 1e-4);",AE,Fit,solver/API,low,preserve as historical context
analysis\acoustoelastic_iop_hgo\aeFitDispersionData.m,67,MaxIter,"options = optimset('Display', 'off', 'MaxIter', 45, 'MaxFunEvals', 120, 'TolX', 1e-4, 'TolFun', 1e-6);",AE,Fit,solver/API,low,preserve as historical context
analysis\acoustoelastic_iop_hgo\aeFitDispersionData.m,58,MaxFunEvals,"options = optimset('Display', 'off', 'MaxIter', 25, 'MaxFunEvals', 55, 'TolX', 1e-4);",AE,Fit,solver/API,low,preserve as historical context
analysis\acoustoelastic_iop_hgo\aeFitDispersionData.m,67,MaxFunEvals,"options = optimset('Display', 'off', 'MaxIter', 45, 'MaxFunEvals', 120, 'TolX', 1e-4, 'TolFun', 1e-6);",AE,Fit,solver/API,low,preserve as historical context
analysis\acoustoelastic_iop_hgo\aeFitDispersionData.m,58,TolX,"options = optimset('Display', 'off', 'MaxIter', 25, 'MaxFunEvals', 55, 'TolX', 1e-4);",AE,Fit,solver/API,low,preserve as historical context
analysis\acoustoelastic_iop_hgo\aeFitDispersionData.m,67,TolX,"options = optimset('Display', 'off', 'MaxIter', 45, 'MaxFunEvals', 120, 'TolX', 1e-4, 'TolFun', 1e-6);",AE,Fit,solver/API,low,preserve as historical context
analysis\acoustoelastic_iop_hgo\aeScoreBranchIdentityCandidates.m,10,atlasTopNMinima,"%   diagnostic is not limited by the production atlasTopNMinima value.",AE,Fit,solver/API,low,preserve as historical context
analysis\execution_profiles\inventoryExecutionProfiles.m,16,Fast,"""Fast"", ""Balanced"", ""Robust"", ""robustness"", ""executionProfile"", ...",shared,Fit,solver/API,low,preserve as historical context
analysis\execution_profiles\inventoryExecutionProfiles.m,19,Fast,"""mrlfeUseGuiFastAtlasPreset"", ""mrlfeUseFitAtlasPreset"", ...",shared,Fit,solver/API,low,preserve as historical context
analysis\execution_profiles\inventoryExecutionProfiles.m,16,Balanced,"""Fast"", ""Balanced"", ""Robust"", ""robustness"", ""executionProfile"", ...",shared,Fit,solver/API,low,preserve as historical context
analysis\execution_profiles\inventoryExecutionProfiles.m,16,Robust,"""Fast"", ""Balanced"", ""Robust"", ""robustness"", ""executionProfile"", ...",shared,Fit,solver/API,low,preserve as historical context
analysis\execution_profiles\inventoryExecutionProfiles.m,16,robustness,"""Fast"", ""Balanced"", ""Robust"", ""robustness"", ""executionProfile"", ...",shared,Fit,solver/API,low,preserve as historical context
analysis\execution_profiles\inventoryExecutionProfiles.m,16,executionProfile,"""Fast"", ""Balanced"", ""Robust"", ""robustness"", ""executionProfile"", ...",shared,Fit,solver/API,low,preserve as historical context
analysis\execution_profiles\inventoryExecutionProfiles.m,139,executionProfile,"elseif contains(token, [""executionProfile"", ""solverPreset"", ""atlasPreset""])",shared,Fit,solver/API,low,preserve as historical context
analysis\execution_profiles\inventoryExecutionProfiles.m,17,solverPreset,"""solverPreset"", ""atlasPreset"", ""fitAtlasPreset"", ""fast_fit_atlas"", ...",shared,Fit,solver/API,low,preserve as historical context
analysis\execution_profiles\inventoryExecutionProfiles.m,139,solverPreset,"elseif contains(token, [""executionProfile"", ""solverPreset"", ""atlasPreset""])",shared,Fit,solver/API,low,preserve as historical context
analysis\execution_profiles\inventoryExecutionProfiles.m,17,atlasPreset,"""solverPreset"", ""atlasPreset"", ""fitAtlasPreset"", ""fast_fit_atlas"", ...",shared,Fit,solver/API,low,preserve as historical context
analysis\execution_profiles\inventoryExecutionProfiles.m,139,atlasPreset,"elseif contains(token, [""executionProfile"", ""solverPreset"", ""atlasPreset""])",shared,Fit,solver/API,low,preserve as historical context
analysis\execution_profiles\inventoryExecutionProfiles.m,17,fitAtlasPreset,"""solverPreset"", ""atlasPreset"", ""fitAtlasPreset"", ""fast_fit_atlas"", ...",shared,Fit,solver/API,low,preserve as historical context
analysis\execution_profiles\inventoryExecutionProfiles.m,17,fast_fit_atlas,"""solverPreset"", ""atlasPreset"", ""fitAtlasPreset"", ""fast_fit_atlas"", ...",shared,Fit,solver/API,low,preserve as historical context
analysis\execution_profiles\inventoryExecutionProfiles.m,141,fast_fit_atlas,"elseif contains(token, [""fast_fit_atlas"", ""fast_viscous"", ""fast_zero_viscosity_adaptive""])",shared,Fit,solver/API,low,preserve as historical context
analysis\execution_profiles\inventoryExecutionProfiles.m,18,fast_viscous,"""fast_viscous"", ""fast_zero_viscosity_adaptive"", ...",shared,Fit,solver/API,low,preserve as historical context
analysis\execution_profiles\inventoryExecutionProfiles.m,141,fast_viscous,"elseif contains(token, [""fast_fit_atlas"", ""fast_viscous"", ""fast_zero_viscosity_adaptive""])",shared,Fit,solver/API,low,preserve as historical context
analysis\execution_profiles\inventoryExecutionProfiles.m,18,fast_zero_viscosity_adaptive,"""fast_viscous"", ""fast_zero_viscosity_adaptive"", ...",shared,Fit,solver/API,low,preserve as historical context
analysis\execution_profiles\inventoryExecutionProfiles.m,141,fast_zero_viscosity_adaptive,"elseif contains(token, [""fast_fit_atlas"", ""fast_viscous"", ""fast_zero_viscosity_adaptive""])",shared,Fit,solver/API,low,preserve as historical context
analysis\execution_profiles\inventoryExecutionProfiles.m,19,mrlfeUseGuiFastAtlasPreset,"""mrlfeUseGuiFastAtlasPreset"", ""mrlfeUseFitAtlasPreset"", ...",shared,Fit,solver/API,low,preserve as historical context
analysis\execution_profiles\inventoryExecutionProfiles.m,19,mrlfeUseFitAtlasPreset,"""mrlfeUseGuiFastAtlasPreset"", ""mrlfeUseFitAtlasPreset"", ...",shared,Fit,solver/API,low,preserve as historical context
analysis\execution_profiles\inventoryExecutionProfiles.m,20,atlasNumYPoints,"""atlasNumYPoints"", ""atlasTopNMinima"", ""atlasInitializationNumFrequencyPoints"", ...",shared,Fit,solver/API,low,preserve as historical context
analysis\execution_profiles\inventoryExecutionProfiles.m,125,atlasNumYPoints,"elseif contains(token, [""MaxIter"", ""MaxFunEvals"", ""TolX"", ""atlasNumYPoints"", ""atlasTopNMinima""])",shared,Fit,solver/API,low,preserve as historical context
analysis\execution_profiles\inventoryExecutionProfiles.m,20,atlasTopNMinima,"""atlasNumYPoints"", ""atlasTopNMinima"", ""atlasInitializationNumFrequencyPoints"", ...",shared,Fit,solver/API,low,preserve as historical context
analysis\execution_profiles\inventoryExecutionProfiles.m,125,atlasTopNMinima,"elseif contains(token, [""MaxIter"", ""MaxFunEvals"", ""TolX"", ""atlasNumYPoints"", ""atlasTopNMinima""])",shared,Fit,solver/API,low,preserve as historical context
analysis\execution_profiles\inventoryExecutionProfiles.m,20,atlasInitializationNumFrequencyPoints,"""atlasNumYPoints"", ""atlasTopNMinima"", ""atlasInitializationNumFrequencyPoints"", ...",shared,Fit,solver/API,low,preserve as historical context
analysis\execution_profiles\inventoryExecutionProfiles.m,21,mrlfeFitAtlasCpScanPoints,"""mrlfeFitAtlasCpScanPoints"", ""mrlfeAdaptiveCpScanPoints"", ...",shared,Fit,solver/API,low,preserve as historical context
analysis\execution_profiles\inventoryExecutionProfiles.m,21,mrlfeAdaptiveCpScanPoints,"""mrlfeFitAtlasCpScanPoints"", ""mrlfeAdaptiveCpScanPoints"", ...",shared,Fit,solver/API,low,preserve as historical context
analysis\execution_profiles\inventoryExecutionProfiles.m,22,mrlfeViscoAtlasCpScanPoints,"""mrlfeViscoAtlasCpScanPoints"", ""mrlfeA0DPCpScanPoints"", ...",shared,Fit,solver/API,low,preserve as historical context
analysis\execution_profiles\inventoryExecutionProfiles.m,22,mrlfeA0DPCpScanPoints,"""mrlfeViscoAtlasCpScanPoints"", ""mrlfeA0DPCpScanPoints"", ...",shared,Fit,solver/API,low,preserve as historical context
analysis\execution_profiles\inventoryExecutionProfiles.m,23,MaxIter,"""MaxIter"", ""MaxFunEvals"", ""TolX""];",shared,Fit,solver/API,low,preserve as historical context
analysis\execution_profiles\inventoryExecutionProfiles.m,125,MaxIter,"elseif contains(token, [""MaxIter"", ""MaxFunEvals"", ""TolX"", ""atlasNumYPoints"", ""atlasTopNMinima""])",shared,Fit,solver/API,low,preserve as historical context
analysis\execution_profiles\inventoryExecutionProfiles.m,143,MaxIter,"elseif contains(token, [""MaxIter"", ""MaxFunEvals"", ""TolX""])",shared,Fit,solver/API,low,preserve as historical context
analysis\execution_profiles\inventoryExecutionProfiles.m,23,MaxFunEvals,"""MaxIter"", ""MaxFunEvals"", ""TolX""];",shared,Fit,solver/API,low,preserve as historical context
analysis\execution_profiles\inventoryExecutionProfiles.m,125,MaxFunEvals,"elseif contains(token, [""MaxIter"", ""MaxFunEvals"", ""TolX"", ""atlasNumYPoints"", ""atlasTopNMinima""])",shared,Fit,solver/API,low,preserve as historical context
analysis\execution_profiles\inventoryExecutionProfiles.m,143,MaxFunEvals,"elseif contains(token, [""MaxIter"", ""MaxFunEvals"", ""TolX""])",shared,Fit,solver/API,low,preserve as historical context
analysis\execution_profiles\inventoryExecutionProfiles.m,23,TolX,"""MaxIter"", ""MaxFunEvals"", ""TolX""];",shared,Fit,solver/API,low,preserve as historical context
analysis\execution_profiles\inventoryExecutionProfiles.m,125,TolX,"elseif contains(token, [""MaxIter"", ""MaxFunEvals"", ""TolX"", ""atlasNumYPoints"", ""atlasTopNMinima""])",shared,Fit,solver/API,low,preserve as historical context
analysis\execution_profiles\inventoryExecutionProfiles.m,143,TolX,"elseif contains(token, [""MaxIter"", ""MaxFunEvals"", ""TolX""])",shared,Fit,solver/API,low,preserve as historical context
analysis\mrlfe\compareMRLFEAtlasPolicy.m,87,Fast,"robustness = string(getOption(policyOptions, 'robustness', ""Fast""));",mRLFE,Fit,solver/API,low,preserve as historical context
analysis\mrlfe\compareMRLFEAtlasPolicy.m,87,robustness,"robustness = string(getOption(policyOptions, 'robustness', ""Fast""));",mRLFE,Fit,solver/API,low,preserve as historical context
analysis\mrlfe\compareMRLFEAtlasPolicy.m,88,robustness,"options = rlDefaultOptions(robustness);",mRLFE,Fit,solver/API,low,preserve as historical context
analysis\mrlfe\compareMRLFEAtlasPolicy.m,140,mrlfeViscoAtlasCpScanPoints,"options.mrlfeA0DPCpScanPoints = getOption(policyOptions, 'mrlfeViscoAtlasCpScanPoints', 900);",mRLFE,Fit,solver/API,low,preserve as historical context
analysis\mrlfe\compareMRLFEAtlasPolicy.m,140,mrlfeA0DPCpScanPoints,"options.mrlfeA0DPCpScanPoints = getOption(policyOptions, 'mrlfeViscoAtlasCpScanPoints', 900);",mRLFE,Fit,solver/API,low,preserve as historical context
analysis\mrlfe\compareMRLFETrackingStrategies.m,23,Fast,"options = rlDefaultOptions(""Fast"");",mRLFE,Fit,solver/API,low,preserve as historical context
analysis\mrlfe\mrlfeBuildFitProblem.m,187,mrlfeA0DPCpScanPoints,"summary.mrlfeA0DPCpScanPoints = getOption(options, 'mrlfeA0DPCpScanPoints', []);",mRLFE,Fit,solver/API,low,preserve as historical context
analysis\mrlfe\mrlfeDefaultSweepOptions.m,16,Fast,"options = rlDefaultOptions(""Fast"");",mRLFE,Fit,Default,low,preserve as historical context
analysis\mrlfe\mrlfeEvaluateAtlasFitModel.m,119,Fast,"rlOptions = rlDefaultOptions(""Fast"");",mRLFE,Fit,solver/API,low,preserve as historical context
analysis\mrlfe\mrlfeEvaluateAtlasFitModel.m,235,fitAtlasPreset,"summary.fitAtlasPreset = string(localGetOption(options, 'mrlfeFitAtlasPreset', ""fast_fit_atlas""));",mRLFE,Fit,solver/API,low,preserve as historical context
analysis\mrlfe\mrlfeEvaluateAtlasFitModel.m,88,fast_fit_atlas,"options.mrlfeFitAtlasPreset = string(localGetOption(options, 'mrlfeFitAtlasPreset', ""fast_fit_atlas""));",mRLFE,Fit,solver/API,low,preserve as historical context
analysis\mrlfe\mrlfeEvaluateAtlasFitModel.m,185,fast_fit_atlas,"options.mrlfeFitAtlasPreset = string(localGetOption(options, 'mrlfeFitAtlasPreset', ""fast_fit_atlas""));",mRLFE,Fit,solver/API,low,preserve as historical context
analysis\mrlfe\mrlfeEvaluateAtlasFitModel.m,215,fast_fit_atlas,"summary.preset = string(localGetOption(options, 'mrlfeFitAtlasPreset', ""fast_fit_atlas""));",mRLFE,Fit,solver/API,low,preserve as historical context
analysis\mrlfe\mrlfeEvaluateAtlasFitModel.m,235,fast_fit_atlas,"summary.fitAtlasPreset = string(localGetOption(options, 'mrlfeFitAtlasPreset', ""fast_fit_atlas""));",mRLFE,Fit,solver/API,low,preserve as historical context
analysis\mrlfe\mrlfeEvaluateAtlasFitModel.m,180,mrlfeUseFitAtlasPreset,"if ~logical(localGetOption(options, 'mrlfeUseFitAtlasPreset', true))",mRLFE,Fit,solver/API,low,preserve as historical context
analysis\mrlfe\mrlfeEvaluateAtlasFitModel.m,214,mrlfeUseFitAtlasPreset,"summary.useFitAtlasPreset = localGetOption(options, 'mrlfeUseFitAtlasPreset', true);",mRLFE,Fit,solver/API,low,preserve as historical context
analysis\mrlfe\mrlfeEvaluateAtlasFitModel.m,187,mrlfeFitAtlasCpScanPoints,"options.mrlfeA0DPCpScanPoints = localGetOption(options, 'mrlfeFitAtlasCpScanPoints', localGetOption(options, 'mrlfeA0DPCpScanPoints', 260));",mRLFE,Fit,solver/API,low,preserve as historical context
analysis\mrlfe\mrlfeEvaluateAtlasFitModel.m,188,mrlfeFitAtlasCpScanPoints,"options.mrlfeViscoAtlasCpScanPoints = localGetOption(options, 'mrlfeFitAtlasCpScanPoints', localGetOption(options, 'mrlfeViscoAtlasCpScanPoints', 260));",mRLFE,Fit,solver/API,low,preserve as historical context
analysis\mrlfe\mrlfeEvaluateAtlasFitModel.m,189,mrlfeFitAtlasCpScanPoints,"options.mrlfeAdaptiveCpScanPoints = localGetOption(options, 'mrlfeFitAtlasCpScanPoints', localGetOption(options, 'mrlfeAdaptiveCpScanPoints', 260));",mRLFE,Fit,solver/API,low,preserve as historical context
analysis\mrlfe\mrlfeEvaluateAtlasFitModel.m,189,mrlfeAdaptiveCpScanPoints,"options.mrlfeAdaptiveCpScanPoints = localGetOption(options, 'mrlfeFitAtlasCpScanPoints', localGetOption(options, 'mrlfeAdaptiveCpScanPoints', 260));",mRLFE,Fit,solver/API,low,preserve as historical context
analysis\mrlfe\mrlfeEvaluateAtlasFitModel.m,216,mrlfeAdaptiveCpScanPoints,"summary.atlasCpScanPoints = localGetOption(options, 'mrlfeAdaptiveCpScanPoints', localGetOption(options, 'mrlfeA0DPCpScanPoints', NaN));",mRLFE,Fit,solver/API,low,preserve as historical context
analysis\mrlfe\mrlfeEvaluateAtlasFitModel.m,188,mrlfeViscoAtlasCpScanPoints,"options.mrlfeViscoAtlasCpScanPoints = localGetOption(options, 'mrlfeFitAtlasCpScanPoints', localGetOption(options, 'mrlfeViscoAtlasCpScanPoints', 260));",mRLFE,Fit,solver/API,low,preserve as historical context
analysis\mrlfe\mrlfeEvaluateAtlasFitModel.m,187,mrlfeA0DPCpScanPoints,"options.mrlfeA0DPCpScanPoints = localGetOption(options, 'mrlfeFitAtlasCpScanPoints', localGetOption(options, 'mrlfeA0DPCpScanPoints', 260));",mRLFE,Fit,solver/API,low,preserve as historical context
analysis\mrlfe\mrlfeEvaluateAtlasFitModel.m,216,mrlfeA0DPCpScanPoints,"summary.atlasCpScanPoints = localGetOption(options, 'mrlfeAdaptiveCpScanPoints', localGetOption(options, 'mrlfeA0DPCpScanPoints', NaN));",mRLFE,Fit,solver/API,low,preserve as historical context
analysis\mrlfe\mrlfeEvaluateFitModel.m,155,Fast,"rlOptions = rlDefaultOptions(""Fast"");",mRLFE,Fit,solver/API,low,preserve as historical context
analysis\mrlfe\mrlfeEvaluateFitModel.m,227,mrlfeA0DPCpScanPoints,"options.mrlfeA0DPCpScanPoints = getOption(options, 'mrlfeFitA0DPCpScanPoints', 500);",mRLFE,Fit,solver/API,low,preserve as historical context
analysis\mrlfe\mrlfeEvaluateFitModel.m,240,mrlfeA0DPCpScanPoints,"summary.a0DpCpScanPoints = getOption(options, 'mrlfeA0DPCpScanPoints', NaN);",mRLFE,Fit,solver/API,low,preserve as historical context
analysis\mrlfe\mrlfeFitDispersionData.m,58,MaxIter,"options = optimset('Display', 'off', 'MaxIter', 45, 'MaxFunEvals', 90, 'TolX', 1e-5);",mRLFE,Fit,solver/API,low,preserve as historical context
analysis\mrlfe\mrlfeFitDispersionData.m,67,MaxIter,"options = optimset('Display', 'off', 'MaxIter', 60, 'MaxFunEvals', 160, 'TolX', 1e-5, 'TolFun', 1e-7);",mRLFE,Fit,solver/API,low,preserve as historical context
analysis\mrlfe\mrlfeFitDispersionData.m,58,MaxFunEvals,"options = optimset('Display', 'off', 'MaxIter', 45, 'MaxFunEvals', 90, 'TolX', 1e-5);",mRLFE,Fit,solver/API,low,preserve as historical context
analysis\mrlfe\mrlfeFitDispersionData.m,67,MaxFunEvals,"options = optimset('Display', 'off', 'MaxIter', 60, 'MaxFunEvals', 160, 'TolX', 1e-5, 'TolFun', 1e-7);",mRLFE,Fit,solver/API,low,preserve as historical context
analysis\mrlfe\mrlfeFitDispersionData.m,58,TolX,"options = optimset('Display', 'off', 'MaxIter', 45, 'MaxFunEvals', 90, 'TolX', 1e-5);",mRLFE,Fit,solver/API,low,preserve as historical context
analysis\mrlfe\mrlfeFitDispersionData.m,67,TolX,"options = optimset('Display', 'off', 'MaxIter', 60, 'MaxFunEvals', 160, 'TolX', 1e-5, 'TolFun', 1e-7);",mRLFE,Fit,solver/API,low,preserve as historical context
analysis\mrlfe\mrlfeMakeDirectViscoAtlasBranchOptions.m,33,mrlfeViscoAtlasCpScanPoints,"options.mrlfeA0DPCpScanPoints = getOption(policyOptions, 'mrlfeViscoAtlasCpScanPoints', getOption(options, 'mrlfeA0DPCpScanPoints', 900));",mRLFE,Fit,solver/API,low,preserve as historical context
analysis\mrlfe\mrlfeMakeDirectViscoAtlasBranchOptions.m,33,mrlfeA0DPCpScanPoints,"options.mrlfeA0DPCpScanPoints = getOption(policyOptions, 'mrlfeViscoAtlasCpScanPoints', getOption(options, 'mrlfeA0DPCpScanPoints', 900));",mRLFE,Fit,solver/API,low,preserve as historical context
analysis\performance\run_execution_profile_benchmark.m,16,Fast,"profiles = [""Fast"", ""Balanced"", ""Robust""];",shared,Fit,solver/API,low,preserve as historical context
analysis\performance\run_execution_profile_benchmark.m,96,Fast,"""Fast"", string(options.robustness), path, preset, iRun, elapsed, ...",shared,Fit,solver/API,low,preserve as historical context
analysis\performance\run_execution_profile_benchmark.m,145,Fast,"cp = rlEvaluateFitModel(params, frequency, ""A0"", rlDefaultOptions(""Fast""));",shared,Fit,solver/API,low,preserve as historical context
analysis\performance\run_execution_profile_benchmark.m,150,Fast,"'bounds', struct('mu', [20e3, 160e3]), 'controls', struct('robustness', ""Fast""), ...",shared,Fit,solver/API,low,preserve as historical context
analysis\performance\run_execution_profile_benchmark.m,154,Fast,"row = makeRow(""RL"", ""Fit"", ""A0"", ""Fast"", ""Fast"", ""direct"", ""none"", iRun, elapsed, ...",shared,Fit,solver/API,low,preserve as historical context
analysis\performance\run_execution_profile_benchmark.m,168,Fast,"'controls', struct('robustness', ""Fast"", 'etaS', 0, 'fluidDensity', 1000, 'fluidSoundSpeed', 1500), ...",shared,Fit,solver/API,low,preserve as historical context
analysis\performance\run_execution_profile_benchmark.m,172,Fast,"row = makeRow(""mRLFE"", ""Fit"", ""A0Like"", ""Fast"", ""Fast"", out.routePolicy.actualPath, ...",shared,Fit,solver/API,low,preserve as historical context
analysis\performance\run_execution_profile_benchmark.m,182,Fast,"options = aeDefaultSweepOptions(""Fast"");",shared,Fit,solver/API,low,preserve as historical context
analysis\performance\run_execution_profile_benchmark.m,188,Fast,"'controls', struct('robustness', ""Fast"", 'atlasNumYPoints', 300, 'atlasTopNMinima', 12, ...",shared,Fit,solver/API,low,preserve as historical context
analysis\performance\run_execution_profile_benchmark.m,193,Fast,"row = makeRow(""AE"", ""Fit"", ""atlasA0"", ""Fast"", ""Fast"", ""atlasA0"", ""300/12/50"", ...",shared,Fit,solver/API,low,preserve as historical context
analysis\performance\run_execution_profile_benchmark.m,16,Balanced,"profiles = [""Fast"", ""Balanced"", ""Robust""];",shared,Fit,solver/API,low,preserve as historical context
analysis\performance\run_execution_profile_benchmark.m,16,Robust,"profiles = [""Fast"", ""Balanced"", ""Robust""];",shared,Fit,solver/API,low,preserve as historical context
analysis\performance\run_execution_profile_benchmark.m,28,Robust,"'MaxAbsCpDiffVsRobust_mps', 'OptionsSummary', 'MatlabVersion', 'Platform'});",shared,Fit,solver/API,low,preserve as historical context
analysis\performance\run_execution_profile_benchmark.m,48,Robust,"robustOptions = rlDefaultOptions(""Robust"");",shared,Fit,solver/API,low,preserve as historical context
analysis\performance\run_execution_profile_benchmark.m,112,Robust,"if profiles(iProfile) == ""Robust""",shared,Fit,solver/API,low,preserve as historical context
analysis\performance\run_execution_profile_benchmark.m,113,Robust,"options = aeDefaultSweepOptions(""Robust"");",shared,Fit,solver/API,low,preserve as historical context
analysis\performance\run_execution_profile_benchmark.m,66,robustness,"rows(end+1, :) = makeRow(""RL"", ""API"", branchName, profile, options.robustness, ...",shared,Fit,solver/API,low,preserve as historical context
analysis\performance\run_execution_profile_benchmark.m,96,robustness,"""Fast"", string(options.robustness), path, preset, iRun, elapsed, ...",shared,Fit,solver/API,low,preserve as historical context
analysis\performance\run_execution_profile_benchmark.m,150,robustness,"'bounds', struct('mu', [20e3, 160e3]), 'controls', struct('robustness', ""Fast""), ...",shared,Fit,solver/API,low,preserve as historical context
analysis\performance\run_execution_profile_benchmark.m,168,robustness,"'controls', struct('robustness', ""Fast"", 'etaS', 0, 'fluidDensity', 1000, 'fluidSoundSpeed', 1500), ...",shared,Fit,solver/API,low,preserve as historical context
analysis\performance\run_execution_profile_benchmark.m,188,robustness,"'controls', struct('robustness', ""Fast"", 'atlasNumYPoints', 300, 'atlasTopNMinima', 12, ...",shared,Fit,solver/API,low,preserve as historical context
analysis\performance\run_execution_profile_benchmark.m,227,atlasPreset,"atlasPreset, runIndex, elapsed, valid, maxJump, maxDiff, optionsSummary)",shared,Fit,solver/API,low,preserve as historical context
analysis\performance\run_execution_profile_benchmark.m,229,atlasPreset,"string(effectiveProfile), string(route), string(atlasPreset), runIndex, elapsed, ...",shared,Fit,solver/API,low,preserve as historical context
analysis\performance\run_execution_profile_benchmark.m,94,fitAtlasPreset,"preset = raw.evaluationPath.fitAtlasPreset;",shared,Fit,solver/API,low,preserve as historical context
analysis\performance\run_execution_profile_benchmark.m,173,fitAtlasPreset,"out.routePolicy.fitAtlasPreset, iRun, elapsed, 1, NaN, NaN, ...",shared,Fit,solver/API,low,preserve as historical context
analysis\performance\run_execution_profile_benchmark.m,127,atlasNumYPoints,"sprintf('atlasNumYPoints=%g; atlasTopNMinima=%g; valid=%d/%d', ...",shared,Fit,solver/API,low,preserve as historical context
analysis\performance\run_execution_profile_benchmark.m,128,atlasNumYPoints,"options.atlasNumYPoints, options.atlasTopNMinima, nnz(raw.validMask), numel(raw.validMask))); %#ok<AGROW>",shared,Fit,solver/API,low,preserve as historical context
analysis\performance\run_execution_profile_benchmark.m,188,atlasNumYPoints,"'controls', struct('robustness', ""Fast"", 'atlasNumYPoints', 300, 'atlasTopNMinima', 12, ...",shared,Fit,solver/API,low,preserve as historical context
analysis\performance\run_execution_profile_benchmark.m,127,atlasTopNMinima,"sprintf('atlasNumYPoints=%g; atlasTopNMinima=%g; valid=%d/%d', ...",shared,Fit,solver/API,low,preserve as historical context
analysis\performance\run_execution_profile_benchmark.m,128,atlasTopNMinima,"options.atlasNumYPoints, options.atlasTopNMinima, nnz(raw.validMask), numel(raw.validMask))); %#ok<AGROW>",shared,Fit,solver/API,low,preserve as historical context
analysis\performance\run_execution_profile_benchmark.m,188,atlasTopNMinima,"'controls', struct('robustness', ""Fast"", 'atlasNumYPoints', 300, 'atlasTopNMinima', 12, ...",shared,Fit,solver/API,low,preserve as historical context
analysis\performance\run_execution_profile_benchmark.m,189,atlasInitializationNumFrequencyPoints,"'atlasInitializationNumFrequencyPoints', 50), ...",shared,Fit,solver/API,low,preserve as historical context
analysis\performance\run_execution_profile_benchmark.m,152,MaxIter,"'optimizerOptions', optimset('Display', 'off', 'MaxIter', 2, 'MaxFunEvals', 5, 'TolX', 1e-4)));",shared,Fit,solver/API,low,preserve as historical context
analysis\performance\run_execution_profile_benchmark.m,155,MaxIter,"1, NaN, NaN, sprintf('RMSE=%g; MaxIter=2; MaxFunEvals=5', out.normalized.metrics.RMSE));",shared,Fit,solver/API,low,preserve as historical context
analysis\performance\run_execution_profile_benchmark.m,170,MaxIter,"'optimizerOptions', optimset('Display', 'off', 'MaxIter', 2, 'MaxFunEvals', 5, 'TolX', 1e-4)));",shared,Fit,solver/API,low,preserve as historical context
analysis\performance\run_execution_profile_benchmark.m,174,MaxIter,"sprintf('RMSE=%g; MaxIter=2; MaxFunEvals=5', out.normalized.metrics.RMSE));",shared,Fit,solver/API,low,preserve as historical context
analysis\performance\run_execution_profile_benchmark.m,191,MaxIter,"'optimizerOptions', optimset('Display', 'off', 'MaxIter', 1, 'MaxFunEvals', 3, 'TolX', 1e-3)));",shared,Fit,solver/API,low,preserve as historical context
analysis\performance\run_execution_profile_benchmark.m,195,MaxIter,"sprintf('RMSE=%g; MaxIter=1; MaxFunEvals=3', out.normalized.metrics.RMSE));",shared,Fit,solver/API,low,preserve as historical context
analysis\performance\run_execution_profile_benchmark.m,152,MaxFunEvals,"'optimizerOptions', optimset('Display', 'off', 'MaxIter', 2, 'MaxFunEvals', 5, 'TolX', 1e-4)));",shared,Fit,solver/API,low,preserve as historical context
analysis\performance\run_execution_profile_benchmark.m,155,MaxFunEvals,"1, NaN, NaN, sprintf('RMSE=%g; MaxIter=2; MaxFunEvals=5', out.normalized.metrics.RMSE));",shared,Fit,solver/API,low,preserve as historical context
analysis\performance\run_execution_profile_benchmark.m,170,MaxFunEvals,"'optimizerOptions', optimset('Display', 'off', 'MaxIter', 2, 'MaxFunEvals', 5, 'TolX', 1e-4)));",shared,Fit,solver/API,low,preserve as historical context
analysis\performance\run_execution_profile_benchmark.m,174,MaxFunEvals,"sprintf('RMSE=%g; MaxIter=2; MaxFunEvals=5', out.normalized.metrics.RMSE));",shared,Fit,solver/API,low,preserve as historical context
analysis\performance\run_execution_profile_benchmark.m,191,MaxFunEvals,"'optimizerOptions', optimset('Display', 'off', 'MaxIter', 1, 'MaxFunEvals', 3, 'TolX', 1e-3)));",shared,Fit,solver/API,low,preserve as historical context
analysis\performance\run_execution_profile_benchmark.m,195,MaxFunEvals,"sprintf('RMSE=%g; MaxIter=1; MaxFunEvals=3', out.normalized.metrics.RMSE));",shared,Fit,solver/API,low,preserve as historical context
analysis\performance\run_execution_profile_benchmark.m,152,TolX,"'optimizerOptions', optimset('Display', 'off', 'MaxIter', 2, 'MaxFunEvals', 5, 'TolX', 1e-4)));",shared,Fit,solver/API,low,preserve as historical context
analysis\performance\run_execution_profile_benchmark.m,170,TolX,"'optimizerOptions', optimset('Display', 'off', 'MaxIter', 2, 'MaxFunEvals', 5, 'TolX', 1e-4)));",shared,Fit,solver/API,low,preserve as historical context
analysis\performance\run_execution_profile_benchmark.m,191,TolX,"'optimizerOptions', optimset('Display', 'off', 'MaxIter', 1, 'MaxFunEvals', 3, 'TolX', 1e-3)));",shared,Fit,solver/API,low,preserve as historical context
analysis\rayleigh_lamb\rlBuildFitProblem.m,37,Fast,"solverOptions = getConfigValue(fitConfig, 'solverOptions', rlDefaultOptions(""Fast""));",RL,Fit,solver/API,low,preserve as historical context
analysis\rayleigh_lamb\rlDefaultSweepOptions.m,9,Balanced,"options = rlDefaultOptions(""Balanced"");",RL,Fit,Default,low,preserve as historical context
analysis\rayleigh_lamb\rlEvaluateFitModel.m,16,Fast,"options = rlDefaultOptions(""Fast"");",RL,Fit,solver/API,low,preserve as historical context
analysis\rayleigh_lamb\rlFitDispersionData.m,61,MaxIter,"options = optimset('Display', 'off', 'MaxIter', 80, 'MaxFunEvals', 160, 'TolX', 1e-6);",RL,Fit,solver/API,low,preserve as historical context
analysis\rayleigh_lamb\rlFitDispersionData.m,70,MaxIter,"options = optimset('Display', 'off', 'MaxIter', 80, 'MaxFunEvals', 220, 'TolX', 1e-6, 'TolFun', 1e-8);",RL,Fit,solver/API,low,preserve as historical context
analysis\rayleigh_lamb\rlFitDispersionData.m,61,MaxFunEvals,"options = optimset('Display', 'off', 'MaxIter', 80, 'MaxFunEvals', 160, 'TolX', 1e-6);",RL,Fit,solver/API,low,preserve as historical context
analysis\rayleigh_lamb\rlFitDispersionData.m,70,MaxFunEvals,"options = optimset('Display', 'off', 'MaxIter', 80, 'MaxFunEvals', 220, 'TolX', 1e-6, 'TolFun', 1e-8);",RL,Fit,solver/API,low,preserve as historical context
analysis\rayleigh_lamb\rlFitDispersionData.m,61,TolX,"options = optimset('Display', 'off', 'MaxIter', 80, 'MaxFunEvals', 160, 'TolX', 1e-6);",RL,Fit,solver/API,low,preserve as historical context
analysis\rayleigh_lamb\rlFitDispersionData.m,70,TolX,"options = optimset('Display', 'off', 'MaxIter', 80, 'MaxFunEvals', 220, 'TolX', 1e-6, 'TolFun', 1e-8);",RL,Fit,solver/API,low,preserve as historical context
app\FitTool_GUI.m,52,Robust,"fitControls.robustness.Value = char(family.defaultRobustness);",shared,Fit,GUI/adapter,low,preserve as historical context
app\FitTool_GUI.m,75,Robust,"fitControls.robustness.Value = char(family.defaultRobustness);",shared,Fit,GUI/adapter,low,preserve as historical context
app\FitTool_GUI.m,51,robustness,"fitControls.robustness.Items = cellstr(family.robustnessPresets);",shared,Fit,GUI/adapter,low,preserve as historical context
app\FitTool_GUI.m,52,robustness,"fitControls.robustness.Value = char(family.defaultRobustness);",shared,Fit,GUI/adapter,low,preserve as historical context
app\FitTool_GUI.m,75,robustness,"fitControls.robustness.Value = char(family.defaultRobustness);",shared,Fit,GUI/adapter,low,preserve as historical context
app\FitTool_GUI.m,147,robustness,"parts.controls.robustness = string(fitControls.robustness.Value);",shared,Fit,GUI/adapter,low,preserve as historical context
app\FitTool_GUI.m,193,robustness,"options = rlDefaultOptions(string(fitControls.robustness.Value));",shared,Fit,GUI/adapter,low,preserve as historical context
app\FitTool_GUI.m,158,atlasNumYPoints,"parts.controls.atlasNumYPoints = 300;",shared,Fit,GUI/adapter,low,preserve as historical context
app\FitTool_GUI.m,272,atlasNumYPoints,"options.atlasNumYPoints = 300;",shared,Fit,GUI/adapter,low,preserve as historical context
app\FitTool_GUI.m,159,atlasTopNMinima,"parts.controls.atlasTopNMinima = 12;",shared,Fit,GUI/adapter,low,preserve as historical context
app\FitTool_GUI.m,273,atlasTopNMinima,"options.atlasTopNMinima = 12;",shared,Fit,GUI/adapter,low,preserve as historical context
app\FitTool_GUI.m,160,atlasInitializationNumFrequencyPoints,"parts.controls.atlasInitializationNumFrequencyPoints = 50;",shared,Fit,GUI/adapter,low,preserve as historical context
app\FitTool_GUI.m,275,atlasInitializationNumFrequencyPoints,"options.atlasInitializationNumFrequencyPoints = 50;",shared,Fit,GUI/adapter,low,preserve as historical context
app\FitTool_GUI.m,156,MaxIter,"'Display', 'off', 'MaxIter', 35, 'MaxFunEvals', 80, 'TolX', 1e-5);",shared,Fit,GUI/adapter,low,preserve as historical context
app\FitTool_GUI.m,162,MaxIter,"'Display', 'off', 'MaxIter', 10, 'MaxFunEvals', 24, 'TolX', 1e-3);",shared,Fit,GUI/adapter,low,preserve as historical context
app\FitTool_GUI.m,165,MaxIter,"'Display', 'off', 'MaxIter', 10, 'MaxFunEvals', 24, 'TolX', 1e-8);",shared,Fit,GUI/adapter,low,preserve as historical context
app\FitTool_GUI.m,156,MaxFunEvals,"'Display', 'off', 'MaxIter', 35, 'MaxFunEvals', 80, 'TolX', 1e-5);",shared,Fit,GUI/adapter,low,preserve as historical context
app\FitTool_GUI.m,162,MaxFunEvals,"'Display', 'off', 'MaxIter', 10, 'MaxFunEvals', 24, 'TolX', 1e-3);",shared,Fit,GUI/adapter,low,preserve as historical context
app\FitTool_GUI.m,165,MaxFunEvals,"'Display', 'off', 'MaxIter', 10, 'MaxFunEvals', 24, 'TolX', 1e-8);",shared,Fit,GUI/adapter,low,preserve as historical context
app\FitTool_GUI.m,156,TolX,"'Display', 'off', 'MaxIter', 35, 'MaxFunEvals', 80, 'TolX', 1e-5);",shared,Fit,GUI/adapter,low,preserve as historical context
app\FitTool_GUI.m,162,TolX,"'Display', 'off', 'MaxIter', 10, 'MaxFunEvals', 24, 'TolX', 1e-3);",shared,Fit,GUI/adapter,low,preserve as historical context
app\FitTool_GUI.m,165,TolX,"'Display', 'off', 'MaxIter', 10, 'MaxFunEvals', 24, 'TolX', 1e-8);",shared,Fit,GUI/adapter,low,preserve as historical context
app\LambFundamental_GUI.m,5,Balanced,"opts0 = rlDefaultOptions(""Balanced"");",shared,Fit,GUI/adapter,low,preserve as historical context
app\LambFundamental_GUI.m,151,robustness,"options = rlDefaultOptions(string(advanced.robustness.Value));",shared,Fit,GUI/adapter,low,preserve as historical context
app\LambFundamental_GUI.m,163,robustness,"options.acoustoelasticOptions = guiBuildAcoustoelasticIOPHGOOptions(options.robustness);",shared,Fit,GUI/adapter,low,preserve as historical context
app\LambFundamental_GUI.m,296,robustness,"guiRequest = guiBuildAcoustoelasticIOPHGORequest(params, modelControls.ae, options.robustness);",shared,Fit,GUI/adapter,low,preserve as historical context
app\SweepTool_GUI.m,16,Fast,"baseOptions = rlDefaultOptions(""Fast"");",shared,Fit,GUI/adapter,low,preserve as historical context
app\SweepTool_GUI.m,258,Balanced,"if string(robustnessDrop.Value) == ""Balanced""",shared,Fit,GUI/adapter,low,preserve as historical context
app\SweepTool_GUI.m,89,Robust,"addLabel(cg, row, [1 2], 'Robustness', 'FontWeight', 'bold');",shared,Fit,GUI/adapter,low,preserve as historical context
app\SweepTool_GUI.m,93,Robust,"'Value', char(activeFamily.defaultRobustness));",shared,Fit,GUI/adapter,low,preserve as historical context
app\SweepTool_GUI.m,169,Robust,"robustnessDrop.Value = char(activeFamily.defaultRobustness);",shared,Fit,GUI/adapter,low,preserve as historical context
app\SweepTool_GUI.m,91,robustness,"robustnessDrop = uidropdown(cg, ...",shared,Fit,GUI/adapter,low,preserve as historical context
app\SweepTool_GUI.m,92,robustness,"'Items', cellstr(activeFamily.robustnessPresets), ...",shared,Fit,GUI/adapter,low,preserve as historical context
app\SweepTool_GUI.m,94,robustness,"setGridPosition(robustnessDrop, row, [1 2]);",shared,Fit,GUI/adapter,low,preserve as historical context
app\SweepTool_GUI.m,168,robustness,"robustnessDrop.Items = cellstr(activeFamily.robustnessPresets);",shared,Fit,GUI/adapter,low,preserve as historical context
app\SweepTool_GUI.m,169,robustness,"robustnessDrop.Value = char(activeFamily.defaultRobustness);",shared,Fit,GUI/adapter,low,preserve as historical context
app\SweepTool_GUI.m,244,robustness,"controls.robustness = string(robustnessDrop.Value);",shared,Fit,GUI/adapter,low,preserve as historical context
app\SweepTool_GUI.m,258,robustness,"if string(robustnessDrop.Value) == ""Balanced""",shared,Fit,GUI/adapter,low,preserve as historical context
app\SweepTool_GUI.m,259,atlasNumYPoints,"controls.atlasNumYPoints = 600;",shared,Fit,GUI/adapter,low,preserve as historical context
app\SweepTool_GUI.m,262,atlasNumYPoints,"controls.atlasNumYPoints = 300;",shared,Fit,GUI/adapter,low,preserve as historical context
app\SweepTool_GUI.m,260,atlasTopNMinima,"controls.atlasTopNMinima = 16;",shared,Fit,GUI/adapter,low,preserve as historical context
app\SweepTool_GUI.m,263,atlasTopNMinima,"controls.atlasTopNMinima = 12;",shared,Fit,GUI/adapter,low,preserve as historical context
app\createAdvancedTab.m,14,Fast,"h.robustness = uidropdown(g, 'Items', {'Fast', 'Balanced', 'Robust'}, 'Value', 'Balanced', 'ValueChangedFcn', callbacks.markDirty);",shared,Fit,solver/API,low,preserve as historical context
app\createAdvancedTab.m,17,Fast,"uilabel(g, 'Text', 'Fast uses fewer scan points. Robust uses more points and wider search windows.', 'WordWrap', 'on');",shared,Fit,solver/API,low,preserve as historical context
app\createAdvancedTab.m,14,Balanced,"h.robustness = uidropdown(g, 'Items', {'Fast', 'Balanced', 'Robust'}, 'Value', 'Balanced', 'ValueChangedFcn', callbacks.markDirty);",shared,Fit,solver/API,low,preserve as historical context
app\createAdvancedTab.m,14,Robust,"h.robustness = uidropdown(g, 'Items', {'Fast', 'Balanced', 'Robust'}, 'Value', 'Balanced', 'ValueChangedFcn', callbacks.markDirty);",shared,Fit,solver/API,low,preserve as historical context
app\createAdvancedTab.m,17,Robust,"uilabel(g, 'Text', 'Fast uses fewer scan points. Robust uses more points and wider search windows.', 'WordWrap', 'on');",shared,Fit,solver/API,low,preserve as historical context
app\createAdvancedTab.m,13,robustness,"uilabel(g, 'Text', 'robustness');",shared,Fit,solver/API,low,preserve as historical context
app\createAdvancedTab.m,14,robustness,"h.robustness = uidropdown(g, 'Items', {'Fast', 'Balanced', 'Robust'}, 'Value', 'Balanced', 'ValueChangedFcn', callbacks.markDirty);",shared,Fit,solver/API,low,preserve as historical context
app\createFittingTab.m,58,Robust,"label = uilabel(g, 'Text', 'Robustness');",shared,Fit,solver/API,low,preserve as historical context
app\createFittingTab.m,61,Robust,"h.robustness = uidropdown(g, 'Items', cellstr(family.robustnessPresets), 'Value', char(family.defaultRobustness));",shared,Fit,solver/API,low,preserve as historical context
app\createFittingTab.m,61,robustness,"h.robustness = uidropdown(g, 'Items', cellstr(family.robustnessPresets), 'Value', char(family.defaultRobustness));",shared,Fit,solver/API,low,preserve as historical context
app\createFittingTab.m,62,robustness,"h.robustness.Layout.Row = 3;",shared,Fit,solver/API,low,preserve as historical context
app\createFittingTab.m,63,robustness,"h.robustness.Layout.Column = 4;",shared,Fit,solver/API,low,preserve as historical context
app\createFittingTab.m,121,robustness,"'Text', 'Solver controls such as robustness and atlas policy remain separate from physical parameters.', ...",shared,Fit,solver/API,low,preserve as historical context
app\adapters\guiBuildAcoustoelasticIOPHGOOptions.m,12,Fast,"case ""Fast""",AE,Fit,GUI/adapter,low,preserve as historical context
app\adapters\guiBuildAcoustoelasticIOPHGOOptions.m,15,Robust,"case ""Robust""",AE,Fit,GUI/adapter,low,preserve as historical context
app\adapters\guiBuildAcoustoelasticIOPHGOOptions.m,1,robustness,"function aeOptions = guiBuildAcoustoelasticIOPHGOOptions(robustness)",AE,Fit,GUI/adapter,low,preserve as historical context
app\adapters\guiBuildAcoustoelasticIOPHGOOptions.m,7,robustness,"[aeOptions.atlasNumYPoints, aeOptions.atlasTopNMinima] = localAtlasPreset(robustness);",AE,Fit,GUI/adapter,low,preserve as historical context
app\adapters\guiBuildAcoustoelasticIOPHGOOptions.m,10,robustness,"function [atlasNumYPoints, atlasTopNMinima] = localAtlasPreset(robustness)",AE,Fit,GUI/adapter,low,preserve as historical context
app\adapters\guiBuildAcoustoelasticIOPHGOOptions.m,11,robustness,"switch string(robustness)",AE,Fit,GUI/adapter,low,preserve as historical context
app\adapters\guiBuildAcoustoelasticIOPHGOOptions.m,7,atlasNumYPoints,"[aeOptions.atlasNumYPoints, aeOptions.atlasTopNMinima] = localAtlasPreset(robustness);",AE,Fit,GUI/adapter,low,preserve as historical context
app\adapters\guiBuildAcoustoelasticIOPHGOOptions.m,10,atlasNumYPoints,"function [atlasNumYPoints, atlasTopNMinima] = localAtlasPreset(robustness)",AE,Fit,GUI/adapter,low,preserve as historical context
app\adapters\guiBuildAcoustoelasticIOPHGOOptions.m,13,atlasNumYPoints,"atlasNumYPoints = 300;",AE,Fit,GUI/adapter,low,preserve as historical context
app\adapters\guiBuildAcoustoelasticIOPHGOOptions.m,16,atlasNumYPoints,"atlasNumYPoints = 900;",AE,Fit,GUI/adapter,low,preserve as historical context
app\adapters\guiBuildAcoustoelasticIOPHGOOptions.m,19,atlasNumYPoints,"atlasNumYPoints = 600;",AE,Fit,GUI/adapter,low,preserve as historical context
app\adapters\guiBuildAcoustoelasticIOPHGOOptions.m,7,atlasTopNMinima,"[aeOptions.atlasNumYPoints, aeOptions.atlasTopNMinima] = localAtlasPreset(robustness);",AE,Fit,GUI/adapter,low,preserve as historical context
app\adapters\guiBuildAcoustoelasticIOPHGOOptions.m,10,atlasTopNMinima,"function [atlasNumYPoints, atlasTopNMinima] = localAtlasPreset(robustness)",AE,Fit,GUI/adapter,low,preserve as historical context
app\adapters\guiBuildAcoustoelasticIOPHGOOptions.m,14,atlasTopNMinima,"atlasTopNMinima = 12;",AE,Fit,GUI/adapter,low,preserve as historical context
app\adapters\guiBuildAcoustoelasticIOPHGOOptions.m,17,atlasTopNMinima,"atlasTopNMinima = 20;",AE,Fit,GUI/adapter,low,preserve as historical context
app\adapters\guiBuildAcoustoelasticIOPHGOOptions.m,20,atlasTopNMinima,"atlasTopNMinima = 16;",AE,Fit,GUI/adapter,low,preserve as historical context
app\adapters\guiBuildAcoustoelasticIOPHGORequest.m,1,robustness,"function guiRequest = guiBuildAcoustoelasticIOPHGORequest(baseParams, aeControls, robustness)",AE,Fit,GUI/adapter,low,preserve as historical context
app\adapters\guiBuildAcoustoelasticIOPHGORequest.m,16,robustness,"guiRequest.options = guiBuildAcoustoelasticIOPHGOOptions(robustness);",AE,Fit,GUI/adapter,low,preserve as historical context
app\adapters\guiFitAcoustoelasticIOPHGOSolver.m,27,Fast,"controls.robustness = ""Fast"";",AE,Fit,GUI/adapter,low,preserve as historical context
app\adapters\guiFitAcoustoelasticIOPHGOSolver.m,26,robustness,"if ~isfield(controls, 'robustness') || strlength(string(controls.robustness)) == 0",AE,Fit,GUI/adapter,low,preserve as historical context
app\adapters\guiFitAcoustoelasticIOPHGOSolver.m,27,robustness,"controls.robustness = ""Fast"";",AE,Fit,GUI/adapter,low,preserve as historical context
app\adapters\guiFitAcoustoelasticIOPHGOSolver.m,30,robustness,"solverOptions = aeDefaultSweepOptions(string(controls.robustness));",AE,Fit,GUI/adapter,low,preserve as historical context
app\adapters\guiFitAcoustoelasticIOPHGOSolver.m,32,atlasNumYPoints,"if isfield(controls, 'atlasNumYPoints') && ~isempty(controls.atlasNumYPoints)",AE,Fit,GUI/adapter,low,preserve as historical context
app\adapters\guiFitAcoustoelasticIOPHGOSolver.m,33,atlasNumYPoints,"solverOptions.atlasNumYPoints = controls.atlasNumYPoints;",AE,Fit,GUI/adapter,low,preserve as historical context
app\adapters\guiFitAcoustoelasticIOPHGOSolver.m,35,atlasTopNMinima,"if isfield(controls, 'atlasTopNMinima') && ~isempty(controls.atlasTopNMinima)",AE,Fit,GUI/adapter,low,preserve as historical context
app\adapters\guiFitAcoustoelasticIOPHGOSolver.m,36,atlasTopNMinima,"solverOptions.atlasTopNMinima = controls.atlasTopNMinima;",AE,Fit,GUI/adapter,low,preserve as historical context
app\adapters\guiFitAcoustoelasticIOPHGOSolver.m,38,atlasInitializationNumFrequencyPoints,"if isfield(controls, 'atlasInitializationNumFrequencyPoints') && ~isempty(controls.atlasInitializationNumFrequencyPoints)",AE,Fit,GUI/adapter,low,preserve as historical context
app\adapters\guiFitAcoustoelasticIOPHGOSolver.m,39,atlasInitializationNumFrequencyPoints,"solverOptions.atlasInitializationNumFrequencyPoints = controls.atlasInitializationNumFrequencyPoints;",AE,Fit,GUI/adapter,low,preserve as historical context
app\adapters\guiFitMRLFESolver.m,26,Fast,"controls.robustness = ""Fast"";",mRLFE,Fit,GUI/adapter,low,preserve as historical context
app\adapters\guiFitMRLFESolver.m,25,robustness,"if ~isfield(controls, 'robustness') || strlength(string(controls.robustness)) == 0",mRLFE,Fit,GUI/adapter,low,preserve as historical context
app\adapters\guiFitMRLFESolver.m,26,robustness,"controls.robustness = ""Fast"";",mRLFE,Fit,GUI/adapter,low,preserve as historical context
app\adapters\guiFitMRLFESolver.m,90,fitAtlasPreset,"fitOutput.routePolicy.fitAtlasPreset = localFitAtlasPreset(fitResult);",mRLFE,Fit,GUI/adapter,low,preserve as historical context
app\adapters\guiFitMRLFESolver.m,147,fitAtlasPreset,"isfield(fitResult.rawSolverResult.evaluationPath, 'fitAtlasPreset')",mRLFE,Fit,GUI/adapter,low,preserve as historical context
app\adapters\guiFitMRLFESolver.m,148,fitAtlasPreset,"preset = string(fitResult.rawSolverResult.evaluationPath.fitAtlasPreset);",mRLFE,Fit,GUI/adapter,low,preserve as historical context
app\adapters\guiFitMRLFESolver.m,53,fast_fit_atlas,"solverOptions.mrlfeFitAtlasPreset = ""fast_fit_atlas"";",mRLFE,Fit,GUI/adapter,low,preserve as historical context
app\adapters\guiFitRLSolver.m,26,Fast,"controls.robustness = ""Fast"";",RL,Fit,GUI/adapter,low,preserve as historical context
app\adapters\guiFitRLSolver.m,25,robustness,"if ~isfield(controls, 'robustness') || strlength(string(controls.robustness)) == 0",RL,Fit,GUI/adapter,low,preserve as historical context
app\adapters\guiFitRLSolver.m,26,robustness,"controls.robustness = ""Fast"";",RL,Fit,GUI/adapter,low,preserve as historical context
app\adapters\guiFitRLSolver.m,35,robustness,"fitConfig.solverOptions = rlDefaultOptions(string(controls.robustness));",RL,Fit,GUI/adapter,low,preserve as historical context
app\adapters\guiRunAcoustoelasticIOPHGOModel.m,28,Fast,"options = applyGuiFastAEPreset(options);",AE,Fit,GUI/adapter,low,preserve as historical context
app\adapters\guiRunAcoustoelasticIOPHGOModel.m,57,Fast,"function options = applyGuiFastAEPreset(options)",AE,Fit,GUI/adapter,low,preserve as historical context
app\adapters\guiRunAcoustoelasticIOPHGOModel.m,58,Fast,"usePreset = logical(guiGetStructField(options, 'aeUseGuiFastAtlasPreset', true));",AE,Fit,GUI/adapter,low,preserve as historical context
app\adapters\guiRunAcoustoelasticIOPHGOModel.m,67,atlasInitializationNumFrequencyPoints,"options.atlasInitializationNumFrequencyPoints = guiGetStructField(options, 'atlasInitializationNumFrequencyPoints', 25);",AE,Fit,GUI/adapter,low,preserve as historical context
app\adapters\guiRunAcoustoelasticIOPHGOSweep.m,75,atlasNumYPoints,"options.atlasNumYPoints = getControlValue(controls, 'atlasNumYPoints', 300);",AE,Fit,GUI/adapter,low,preserve as historical context
app\adapters\guiRunAcoustoelasticIOPHGOSweep.m,76,atlasTopNMinima,"options.atlasTopNMinima = getControlValue(controls, 'atlasTopNMinima', 12);",AE,Fit,GUI/adapter,low,preserve as historical context
app\adapters\guiRunMRLFEModel.m,180,Fast,"if ~logical(guiGetStructField(options, 'mrlfeUseGuiFastAtlasPreset', true))",mRLFE,Fit,GUI/adapter,low,preserve as historical context
app\adapters\guiRunMRLFEModel.m,187,fast_viscous,"options.mrlfeGuiAtlasPreset = ""fast_viscous"";",mRLFE,Fit,GUI/adapter,low,preserve as historical context
app\adapters\guiRunMRLFEModel.m,189,fast_zero_viscosity_adaptive,"options.mrlfeGuiAtlasPreset = ""fast_zero_viscosity_adaptive"";",mRLFE,Fit,GUI/adapter,low,preserve as historical context
app\adapters\guiRunMRLFEModel.m,180,mrlfeUseGuiFastAtlasPreset,"if ~logical(guiGetStructField(options, 'mrlfeUseGuiFastAtlasPreset', true))",mRLFE,Fit,GUI/adapter,low,preserve as historical context
app\adapters\guiRunMRLFEModel.m,201,mrlfeAdaptiveCpScanPoints,"options.mrlfeAdaptiveCpScanPoints = guiGetStructField(options, 'mrlfeAdaptiveCpScanPoints', 260);",mRLFE,Fit,GUI/adapter,low,preserve as historical context
app\adapters\guiRunMRLFEModel.m,197,mrlfeViscoAtlasCpScanPoints,"options.mrlfeViscoAtlasCpScanPoints = guiGetStructField(options, 'mrlfeViscoAtlasCpScanPoints', 260);",mRLFE,Fit,GUI/adapter,low,preserve as historical context
app\adapters\guiRunMRLFEModel.m,198,mrlfeA0DPCpScanPoints,"options.mrlfeA0DPCpScanPoints = guiGetStructField(options, 'mrlfeA0DPCpScanPoints', 260);",mRLFE,Fit,GUI/adapter,low,preserve as historical context
app\adapters\guiRunMRLFESweep.m,14,Fast,"controls.robustness = ""Fast"";",mRLFE,Fit,GUI/adapter,low,preserve as historical context
app\adapters\guiRunMRLFESweep.m,13,robustness,"if ~isfield(controls, 'robustness') || strlength(string(controls.robustness)) == 0",mRLFE,Fit,GUI/adapter,low,preserve as historical context
app\adapters\guiRunMRLFESweep.m,14,robustness,"controls.robustness = ""Fast"";",mRLFE,Fit,GUI/adapter,low,preserve as historical context
app\adapters\guiRunMRLFESweep.m,17,robustness,"baseOptions = rlDefaultOptions(string(controls.robustness));",mRLFE,Fit,GUI/adapter,low,preserve as historical context
app\adapters\guiRunRLSweep.m,14,Balanced,"controls.robustness = ""Balanced"";",RL,Fit,GUI/adapter,low,preserve as historical context
app\adapters\guiRunRLSweep.m,13,robustness,"if ~isfield(controls, 'robustness') || strlength(string(controls.robustness)) == 0",RL,Fit,GUI/adapter,low,preserve as historical context
app\adapters\guiRunRLSweep.m,14,robustness,"controls.robustness = ""Balanced"";",RL,Fit,GUI/adapter,low,preserve as historical context
app\adapters\guiRunRLSweep.m,17,robustness,"options = rlDefaultOptions(string(controls.robustness));",RL,Fit,GUI/adapter,low,preserve as historical context
app\fitting\guiGetFitRegistry.m,23,Fast,"family.defaultRobustness = ""Fast"";",shared,Fit,GUI/adapter,low,preserve as historical context
app\fitting\guiGetFitRegistry.m,24,Fast,"family.robustnessPresets = [""Fast"", ""Balanced"", ""Robust""];",shared,Fit,GUI/adapter,low,preserve as historical context
app\fitting\guiGetFitRegistry.m,46,Fast,"family.defaultRobustness = ""Fast"";",shared,Fit,GUI/adapter,low,preserve as historical context
app\fitting\guiGetFitRegistry.m,47,Fast,"family.robustnessPresets = [""Fast"", ""Balanced"", ""Robust""];",shared,Fit,GUI/adapter,low,preserve as historical context
app\fitting\guiGetFitRegistry.m,75,Fast,"family.defaultRobustness = ""Fast"";",shared,Fit,GUI/adapter,low,preserve as historical context
app\fitting\guiGetFitRegistry.m,76,Fast,"family.robustnessPresets = [""Fast"", ""Balanced"", ""Robust""];",shared,Fit,GUI/adapter,low,preserve as historical context
app\fitting\guiGetFitRegistry.m,24,Balanced,"family.robustnessPresets = [""Fast"", ""Balanced"", ""Robust""];",shared,Fit,GUI/adapter,low,preserve as historical context
app\fitting\guiGetFitRegistry.m,47,Balanced,"family.robustnessPresets = [""Fast"", ""Balanced"", ""Robust""];",shared,Fit,GUI/adapter,low,preserve as historical context
app\fitting\guiGetFitRegistry.m,76,Balanced,"family.robustnessPresets = [""Fast"", ""Balanced"", ""Robust""];",shared,Fit,GUI/adapter,low,preserve as historical context
app\fitting\guiGetFitRegistry.m,23,Robust,"family.defaultRobustness = ""Fast"";",shared,Fit,GUI/adapter,low,preserve as historical context
app\fitting\guiGetFitRegistry.m,24,Robust,"family.robustnessPresets = [""Fast"", ""Balanced"", ""Robust""];",shared,Fit,GUI/adapter,low,preserve as historical context
app\fitting\guiGetFitRegistry.m,46,Robust,"family.defaultRobustness = ""Fast"";",shared,Fit,GUI/adapter,low,preserve as historical context
app\fitting\guiGetFitRegistry.m,47,Robust,"family.robustnessPresets = [""Fast"", ""Balanced"", ""Robust""];",shared,Fit,GUI/adapter,low,preserve as historical context
app\fitting\guiGetFitRegistry.m,75,Robust,"family.defaultRobustness = ""Fast"";",shared,Fit,GUI/adapter,low,preserve as historical context
app\fitting\guiGetFitRegistry.m,76,Robust,"family.robustnessPresets = [""Fast"", ""Balanced"", ""Robust""];",shared,Fit,GUI/adapter,low,preserve as historical context
app\fitting\guiGetFitRegistry.m,108,Robust,"family.defaultRobustness = """";",shared,Fit,GUI/adapter,low,preserve as historical context
app\fitting\guiGetFitRegistry.m,24,robustness,"family.robustnessPresets = [""Fast"", ""Balanced"", ""Robust""];",shared,Fit,GUI/adapter,low,preserve as historical context
app\fitting\guiGetFitRegistry.m,47,robustness,"family.robustnessPresets = [""Fast"", ""Balanced"", ""Robust""];",shared,Fit,GUI/adapter,low,preserve as historical context
app\fitting\guiGetFitRegistry.m,76,robustness,"family.robustnessPresets = [""Fast"", ""Balanced"", ""Robust""];",shared,Fit,GUI/adapter,low,preserve as historical context
app\fitting\guiGetFitRegistry.m,109,robustness,"family.robustnessPresets = strings(1, 0);",shared,Fit,GUI/adapter,low,preserve as historical context
app\sweep\guiGetSweepRegistry.m,25,Fast,"family.defaultRobustness = ""Fast"";",shared,Fit,GUI/adapter,low,preserve as historical context
app\sweep\guiGetSweepRegistry.m,28,Fast,"family.robustnessPresets = [""Fast"", ""Balanced"", ""Robust""];",shared,Fit,GUI/adapter,low,preserve as historical context
app\sweep\guiGetSweepRegistry.m,52,Fast,"family.robustnessPresets = [""Fast"", ""Balanced"", ""Robust""];",shared,Fit,GUI/adapter,low,preserve as historical context
app\sweep\guiGetSweepRegistry.m,71,Fast,"family.defaultRobustness = ""Fast"";",shared,Fit,GUI/adapter,low,preserve as historical context
app\sweep\guiGetSweepRegistry.m,74,Fast,"family.robustnessPresets = [""Fast"", ""Balanced""];",shared,Fit,GUI/adapter,low,preserve as historical context
app\sweep\guiGetSweepRegistry.m,28,Balanced,"family.robustnessPresets = [""Fast"", ""Balanced"", ""Robust""];",shared,Fit,GUI/adapter,low,preserve as historical context
app\sweep\guiGetSweepRegistry.m,49,Balanced,"family.defaultRobustness = ""Balanced"";",shared,Fit,GUI/adapter,low,preserve as historical context
app\sweep\guiGetSweepRegistry.m,52,Balanced,"family.robustnessPresets = [""Fast"", ""Balanced"", ""Robust""];",shared,Fit,GUI/adapter,low,preserve as historical context
app\sweep\guiGetSweepRegistry.m,74,Balanced,"family.robustnessPresets = [""Fast"", ""Balanced""];",shared,Fit,GUI/adapter,low,preserve as historical context
app\sweep\guiGetSweepRegistry.m,25,Robust,"family.defaultRobustness = ""Fast"";",shared,Fit,GUI/adapter,low,preserve as historical context
app\sweep\guiGetSweepRegistry.m,28,Robust,"family.robustnessPresets = [""Fast"", ""Balanced"", ""Robust""];",shared,Fit,GUI/adapter,low,preserve as historical context
app\sweep\guiGetSweepRegistry.m,49,Robust,"family.defaultRobustness = ""Balanced"";",shared,Fit,GUI/adapter,low,preserve as historical context
app\sweep\guiGetSweepRegistry.m,52,Robust,"family.robustnessPresets = [""Fast"", ""Balanced"", ""Robust""];",shared,Fit,GUI/adapter,low,preserve as historical context
app\sweep\guiGetSweepRegistry.m,71,Robust,"family.defaultRobustness = ""Fast"";",shared,Fit,GUI/adapter,low,preserve as historical context
app\sweep\guiGetSweepRegistry.m,93,Robust,"family.defaultRobustness = """";",shared,Fit,GUI/adapter,low,preserve as historical context
app\sweep\guiGetSweepRegistry.m,28,robustness,"family.robustnessPresets = [""Fast"", ""Balanced"", ""Robust""];",shared,Fit,GUI/adapter,low,preserve as historical context
app\sweep\guiGetSweepRegistry.m,52,robustness,"family.robustnessPresets = [""Fast"", ""Balanced"", ""Robust""];",shared,Fit,GUI/adapter,low,preserve as historical context
app\sweep\guiGetSweepRegistry.m,74,robustness,"family.robustnessPresets = [""Fast"", ""Balanced""];",shared,Fit,GUI/adapter,low,preserve as historical context
app\sweep\guiGetSweepRegistry.m,96,robustness,"family.robustnessPresets = strings(1, 0);",shared,Fit,GUI/adapter,low,preserve as historical context
examples\acoustoelastic_iop_hgo\basic\run_atlas_branch.m,26,atlasNumYPoints,"options.atlasNumYPoints = 300;",AE,Fit,solver/API,low,preserve as historical context
examples\acoustoelastic_iop_hgo\basic\run_atlas_branch.m,27,atlasTopNMinima,"options.atlasTopNMinima = 12;",AE,Fit,solver/API,low,preserve as historical context
examples\acoustoelastic_iop_hgo\diagnostics\compare_atlasA0_vs_raw_branch1.m,132,atlasNumYPoints,"solverOptions.atlasNumYPoints = 1000;",AE,Fit,diagnostic,low,preserve as historical context
examples\acoustoelastic_iop_hgo\diagnostics\compare_atlasA0_vs_raw_branch1.m,133,atlasTopNMinima,"solverOptions.atlasTopNMinima = 18;",AE,Fit,diagnostic,low,preserve as historical context
examples\acoustoelastic_iop_hgo\diagnostics\diagnose_branch_families.m,141,atlasNumYPoints,"solverOptions.atlasNumYPoints = settings.AtlasNumYPoints;",AE,Fit,diagnostic,low,preserve as historical context
examples\acoustoelastic_iop_hgo\diagnostics\diagnose_branch_families.m,142,atlasTopNMinima,"solverOptions.atlasTopNMinima = settings.AtlasTopNMinima;",AE,Fit,diagnostic,low,preserve as historical context
examples\acoustoelastic_iop_hgo\diagnostics\diagnose_grid_start_sensitivity.m,33,atlasNumYPoints,"spec.label, spec.fmin_Hz, spec.fmax_Hz, spec.nFreq, options.atlasNumYPoints, options.atlasTopNMinima);",AE,Fit,diagnostic,low,preserve as historical context
examples\acoustoelastic_iop_hgo\diagnostics\diagnose_grid_start_sensitivity.m,86,atlasNumYPoints,"specs(1).atlasNumYPoints = 300;",AE,Fit,diagnostic,low,preserve as historical context
examples\acoustoelastic_iop_hgo\diagnostics\diagnose_grid_start_sensitivity.m,93,atlasNumYPoints,"specs(2).atlasNumYPoints = 600;",AE,Fit,diagnostic,low,preserve as historical context
examples\acoustoelastic_iop_hgo\diagnostics\diagnose_grid_start_sensitivity.m,100,atlasNumYPoints,"specs(3).atlasNumYPoints = 900;",AE,Fit,diagnostic,low,preserve as historical context
examples\acoustoelastic_iop_hgo\diagnostics\diagnose_grid_start_sensitivity.m,107,atlasNumYPoints,"specs(4).atlasNumYPoints = 900;",AE,Fit,diagnostic,low,preserve as historical context
examples\acoustoelastic_iop_hgo\diagnostics\diagnose_grid_start_sensitivity.m,114,atlasNumYPoints,"specs(5).atlasNumYPoints = 900;",AE,Fit,diagnostic,low,preserve as historical context
examples\acoustoelastic_iop_hgo\diagnostics\diagnose_grid_start_sensitivity.m,128,atlasNumYPoints,"options.atlasNumYPoints = spec.atlasNumYPoints;",AE,Fit,diagnostic,low,preserve as historical context
examples\acoustoelastic_iop_hgo\diagnostics\diagnose_grid_start_sensitivity.m,140,atlasNumYPoints,"row.AtlasNumYPoints = spec.atlasNumYPoints;",AE,Fit,diagnostic,low,preserve as historical context
examples\acoustoelastic_iop_hgo\diagnostics\diagnose_grid_start_sensitivity.m,33,atlasTopNMinima,"spec.label, spec.fmin_Hz, spec.fmax_Hz, spec.nFreq, options.atlasNumYPoints, options.atlasTopNMinima);",AE,Fit,diagnostic,low,preserve as historical context
examples\acoustoelastic_iop_hgo\diagnostics\diagnose_grid_start_sensitivity.m,87,atlasTopNMinima,"specs(1).atlasTopNMinima = 12;",AE,Fit,diagnostic,low,preserve as historical context
examples\acoustoelastic_iop_hgo\diagnostics\diagnose_grid_start_sensitivity.m,94,atlasTopNMinima,"specs(2).atlasTopNMinima = 16;",AE,Fit,diagnostic,low,preserve as historical context
examples\acoustoelastic_iop_hgo\diagnostics\diagnose_grid_start_sensitivity.m,101,atlasTopNMinima,"specs(3).atlasTopNMinima = 20;",AE,Fit,diagnostic,low,preserve as historical context
examples\acoustoelastic_iop_hgo\diagnostics\diagnose_grid_start_sensitivity.m,108,atlasTopNMinima,"specs(4).atlasTopNMinima = 20;",AE,Fit,diagnostic,low,preserve as historical context
examples\acoustoelastic_iop_hgo\diagnostics\diagnose_grid_start_sensitivity.m,115,atlasTopNMinima,"specs(5).atlasTopNMinima = 20;",AE,Fit,diagnostic,low,preserve as historical context
examples\acoustoelastic_iop_hgo\diagnostics\diagnose_grid_start_sensitivity.m,129,atlasTopNMinima,"options.atlasTopNMinima = spec.atlasTopNMinima;",AE,Fit,diagnostic,low,preserve as historical context
examples\acoustoelastic_iop_hgo\diagnostics\diagnose_grid_start_sensitivity.m,141,atlasTopNMinima,"row.AtlasTopNMinima = spec.atlasTopNMinima;",AE,Fit,diagnostic,low,preserve as historical context
examples\acoustoelastic_iop_hgo\diagnostics\diagnose_raw_branch_corner.m,178,atlasNumYPoints,"solverOptions.atlasNumYPoints = settings.AtlasNumYPoints;",AE,Fit,diagnostic,low,preserve as historical context
examples\acoustoelastic_iop_hgo\diagnostics\diagnose_raw_branch_corner.m,179,atlasTopNMinima,"solverOptions.atlasTopNMinima = settings.AtlasTopNMinima;",AE,Fit,diagnostic,low,preserve as historical context
examples\acoustoelastic_iop_hgo\diagnostics\validate_atlas_raw_grid.m,167,atlasNumYPoints,"solverOptions.atlasNumYPoints = settings.AtlasNumYPoints;",AE,Fit,diagnostic,low,preserve as historical context
examples\acoustoelastic_iop_hgo\diagnostics\validate_atlas_raw_grid.m,168,atlasTopNMinima,"solverOptions.atlasTopNMinima = settings.AtlasTopNMinima;",AE,Fit,diagnostic,low,preserve as historical context
examples\acoustoelastic_iop_hgo\fitting\fit_ae_atlasA0.m,25,atlasNumYPoints,"solverOptions.atlasNumYPoints = 300;",AE,Fit,solver/API,low,preserve as historical context
examples\acoustoelastic_iop_hgo\fitting\fit_ae_atlasA0.m,26,atlasTopNMinima,"solverOptions.atlasTopNMinima = 12;",AE,Fit,solver/API,low,preserve as historical context
examples\acoustoelastic_iop_hgo\fitting\fit_ae_atlasA0.m,28,atlasInitializationNumFrequencyPoints,"solverOptions.atlasInitializationNumFrequencyPoints = 50;",AE,Fit,solver/API,low,preserve as historical context
examples\acoustoelastic_iop_hgo\fitting\fit_ae_atlasA0.m,51,MaxIter,"'optimizerOptions', optimset('Display', 'off', 'MaxIter', 10, 'MaxFunEvals', 24, 'TolX', 1e-3));",AE,Fit,solver/API,low,preserve as historical context
examples\acoustoelastic_iop_hgo\fitting\fit_ae_atlasA0.m,51,MaxFunEvals,"'optimizerOptions', optimset('Display', 'off', 'MaxIter', 10, 'MaxFunEvals', 24, 'TolX', 1e-3));",AE,Fit,solver/API,low,preserve as historical context
examples\acoustoelastic_iop_hgo\fitting\fit_ae_atlasA0.m,51,TolX,"'optimizerOptions', optimset('Display', 'off', 'MaxIter', 10, 'MaxFunEvals', 24, 'TolX', 1e-3));",AE,Fit,solver/API,low,preserve as historical context
examples\acoustoelastic_iop_hgo\sweeps\sweep_iop.m,15,Robust,"options = aeDefaultSweepOptions(""Robust"");",AE,Fit,solver/API,low,preserve as historical context
examples\acoustoelastic_iop_hgo\sweeps\sweep_mu.m,15,Robust,"options = aeDefaultSweepOptions(""Robust"");",AE,Fit,solver/API,low,preserve as historical context
examples\acoustoelastic_iop_hgo\sweeps\sweep_mu_iop.m,21,Robust,"options = aeDefaultSweepOptions(""Robust"");",AE,Fit,solver/API,low,preserve as historical context
examples\mrlfe\basic\compare_mrlfe_elastic_vs_visco_cp.m,22,Fast,"optionsBase = rlDefaultOptions(""Fast"");",mRLFE,Fit,solver/API,low,preserve as historical context
examples\mrlfe\basic\run_mrlfe_prototype.m,13,Fast,"options = rlDefaultOptions(""Fast"");",mRLFE,Fit,solver/API,low,preserve as historical context
examples\mrlfe\diagnostics\compare_mrlfe_tracker_vs_condition_peaks.m,26,Balanced,"options = rlDefaultOptions(""Balanced"");",mRLFE,Fit,diagnostic,low,preserve as historical context
examples\mrlfe\diagnostics\diagnose_direct_atlas_etaS_zero_limit.m,120,Fast,"rlOptions = rlDefaultOptions(""Fast"");",mRLFE,Fit,diagnostic,low,preserve as historical context
examples\mrlfe\diagnostics\diagnose_direct_atlas_etaS_zero_limit.m,40,mrlfeA0DPCpScanPoints,"optionsAtlas.mrlfeA0DPCpScanPoints = 900;",mRLFE,Fit,diagnostic,low,preserve as historical context
examples\mrlfe\diagnostics\diagnose_etaS_direct_atlas_fit.m,122,mrlfeA0DPCpScanPoints,"fitConfig.solverOptions.mrlfeA0DPCpScanPoints = 900;",mRLFE,Fit,diagnostic,low,preserve as historical context
examples\mrlfe\diagnostics\diagnose_etaS_direct_atlas_fit.m,112,MaxIter,"'optimizerOptions', optimset('Display', 'off', 'MaxIter', 35, 'MaxFunEvals', 80, 'TolX', 1e-5));",mRLFE,Fit,diagnostic,low,preserve as historical context
examples\mrlfe\diagnostics\diagnose_etaS_direct_atlas_fit.m,112,MaxFunEvals,"'optimizerOptions', optimset('Display', 'off', 'MaxIter', 35, 'MaxFunEvals', 80, 'TolX', 1e-5));",mRLFE,Fit,diagnostic,low,preserve as historical context
examples\mrlfe\diagnostics\diagnose_etaS_direct_atlas_fit.m,112,TolX,"'optimizerOptions', optimset('Display', 'off', 'MaxIter', 35, 'MaxFunEvals', 80, 'TolX', 1e-5));",mRLFE,Fit,diagnostic,low,preserve as historical context
examples\mrlfe\diagnostics\diagnose_etaS_forward_cache.m,128,MaxIter,"'optimizerOptions', optimset('Display', 'off', 'MaxIter', 35, 'MaxFunEvals', 80, 'TolX', 1e-5));",mRLFE,Fit,diagnostic,low,preserve as historical context
examples\mrlfe\diagnostics\diagnose_etaS_forward_cache.m,128,MaxFunEvals,"'optimizerOptions', optimset('Display', 'off', 'MaxIter', 35, 'MaxFunEvals', 80, 'TolX', 1e-5));",mRLFE,Fit,diagnostic,low,preserve as historical context
examples\mrlfe\diagnostics\diagnose_etaS_forward_cache.m,128,TolX,"'optimizerOptions', optimset('Display', 'off', 'MaxIter', 35, 'MaxFunEvals', 80, 'TolX', 1e-5));",mRLFE,Fit,diagnostic,low,preserve as historical context
examples\mrlfe\diagnostics\diagnose_fit_option_sensitivity.m,104,Fast,"fprintf('\nFastest usable settings with RMSE difference < 0.05 m/s against reference:\n');",mRLFE,Fit,diagnostic,low,preserve as historical context
examples\mrlfe\diagnostics\diagnose_fit_option_sensitivity.m,29,mrlfeA0DPCpScanPoints,"referenceOptions.mrlfeA0DPCpScanPoints = 2200;",mRLFE,Fit,diagnostic,low,preserve as historical context
examples\mrlfe\diagnostics\diagnose_fit_option_sensitivity.m,58,mrlfeA0DPCpScanPoints,"options.mrlfeA0DPCpScanPoints = cpScanPointsList(i);",mRLFE,Fit,diagnostic,low,preserve as historical context
examples\mrlfe\diagnostics\diagnose_fit_timing.m,118,MaxIter,"fitConfig.fitOptions.optimizerOptions = optimset('Display', 'off', 'MaxIter', 35, 'MaxFunEvals', 80, 'TolX', 1e-5);",mRLFE,Fit,diagnostic,low,preserve as historical context
examples\mrlfe\diagnostics\diagnose_fit_timing.m,118,MaxFunEvals,"fitConfig.fitOptions.optimizerOptions = optimset('Display', 'off', 'MaxIter', 35, 'MaxFunEvals', 80, 'TolX', 1e-5);",mRLFE,Fit,diagnostic,low,preserve as historical context
examples\mrlfe\diagnostics\diagnose_fit_timing.m,118,TolX,"fitConfig.fitOptions.optimizerOptions = optimset('Display', 'off', 'MaxIter', 35, 'MaxFunEvals', 80, 'TolX', 1e-5);",mRLFE,Fit,diagnostic,low,preserve as historical context
examples\mrlfe\diagnostics\diagnose_mrlfe_a0_physical_corridor_mu_sweep.m,73,Fast,"rlOptions = rlDefaultOptions(""Fast"");",mRLFE,Fit,diagnostic,low,preserve as historical context
examples\mrlfe\diagnostics\diagnose_mrlfe_a0_physical_corridor_mu_sweep.m,97,Fast,"options = rlDefaultOptions(""Fast"");",mRLFE,Fit,diagnostic,low,preserve as historical context
examples\mrlfe\diagnostics\diagnose_mrlfe_a0_physical_corridor_mu_sweep.m,112,Fast,"options = rlDefaultOptions(""Fast"");",mRLFE,Fit,diagnostic,low,preserve as historical context
examples\mrlfe\diagnostics\diagnose_mrlfe_a0_physical_corridor_mu_sweep.m,113,mrlfeAdaptiveCpScanPoints,"options.mrlfeAdaptiveCpScanPoints = 900;",mRLFE,Fit,diagnostic,low,preserve as historical context
examples\mrlfe\diagnostics\diagnose_mrlfe_a0_physical_corridor_mu_sweep.m,103,mrlfeViscoAtlasCpScanPoints,"options.mrlfeViscoAtlasCpScanPoints = 900;",mRLFE,Fit,diagnostic,low,preserve as historical context
examples\mrlfe\diagnostics\diagnose_mrlfe_a0_policy_parametric_sweep.m,88,Fast,"rlOptions = rlDefaultOptions(""Fast"");",mRLFE,Fit,diagnostic,low,preserve as historical context
examples\mrlfe\diagnostics\diagnose_mrlfe_a0_policy_parametric_sweep.m,112,Fast,"options = rlDefaultOptions(""Fast"");",mRLFE,Fit,diagnostic,low,preserve as historical context
examples\mrlfe\diagnostics\diagnose_mrlfe_a0_policy_parametric_sweep.m,125,mrlfeAdaptiveCpScanPoints,"options.mrlfeAdaptiveCpScanPoints = 900;",mRLFE,Fit,diagnostic,low,preserve as historical context
examples\mrlfe\diagnostics\diagnose_mrlfe_a0_policy_parametric_sweep.m,119,mrlfeViscoAtlasCpScanPoints,"options.mrlfeViscoAtlasCpScanPoints = 900;",mRLFE,Fit,diagnostic,low,preserve as historical context
examples\mrlfe\diagnostics\diagnose_mrlfe_atlas_primary_policy_matrix.m,40,Fast,"policyOptions.robustness = ""Fast"";",mRLFE,Fit,diagnostic,low,preserve as historical context
examples\mrlfe\diagnostics\diagnose_mrlfe_atlas_primary_policy_matrix.m,40,robustness,"policyOptions.robustness = ""Fast"";",mRLFE,Fit,diagnostic,low,preserve as historical context
examples\mrlfe\diagnostics\diagnose_mrlfe_atlas_primary_policy_matrix.m,66,mrlfeViscoAtlasCpScanPoints,"policyOptions.mrlfeViscoAtlasCpScanPoints = 900;",mRLFE,Fit,diagnostic,low,preserve as historical context
examples\mrlfe\diagnostics\diagnose_mrlfe_gui_performance_32kHz.m,36,Fast,"robustnessList = [""Fast"", ""Balanced""];",mRLFE,Fit,GUI/adapter,low,preserve as historical context
examples\mrlfe\diagnostics\diagnose_mrlfe_gui_performance_32kHz.m,36,Balanced,"robustnessList = [""Fast"", ""Balanced""];",mRLFE,Fit,GUI/adapter,low,preserve as historical context
examples\mrlfe\diagnostics\diagnose_mrlfe_gui_performance_32kHz.m,43,Robust,"for iRobust = 1:numel(robustnessList)",mRLFE,Fit,GUI/adapter,low,preserve as historical context
examples\mrlfe\diagnostics\diagnose_mrlfe_gui_performance_32kHz.m,44,Robust,"robustness = robustnessList(iRobust);",mRLFE,Fit,GUI/adapter,low,preserve as historical context
examples\mrlfe\diagnostics\diagnose_mrlfe_gui_performance_32kHz.m,45,Robust,"fprintf('\nRobustness: %s\n', robustness);",mRLFE,Fit,GUI/adapter,low,preserve as historical context
examples\mrlfe\diagnostics\diagnose_mrlfe_gui_performance_32kHz.m,149,Robust,"row.Robustness = string(robustness);",mRLFE,Fit,GUI/adapter,low,preserve as historical context
examples\mrlfe\diagnostics\diagnose_mrlfe_gui_performance_32kHz.m,36,robustness,"robustnessList = [""Fast"", ""Balanced""];",mRLFE,Fit,GUI/adapter,low,preserve as historical context
examples\mrlfe\diagnostics\diagnose_mrlfe_gui_performance_32kHz.m,43,robustness,"for iRobust = 1:numel(robustnessList)",mRLFE,Fit,GUI/adapter,low,preserve as historical context
examples\mrlfe\diagnostics\diagnose_mrlfe_gui_performance_32kHz.m,44,robustness,"robustness = robustnessList(iRobust);",mRLFE,Fit,GUI/adapter,low,preserve as historical context
examples\mrlfe\diagnostics\diagnose_mrlfe_gui_performance_32kHz.m,45,robustness,"fprintf('\nRobustness: %s\n', robustness);",mRLFE,Fit,GUI/adapter,low,preserve as historical context
examples\mrlfe\diagnostics\diagnose_mrlfe_gui_performance_32kHz.m,47,robustness,"baseOptions = rlDefaultOptions(robustness);",mRLFE,Fit,GUI/adapter,low,preserve as historical context
examples\mrlfe\diagnostics\diagnose_mrlfe_gui_performance_32kHz.m,90,robustness,"label = sprintf('%s | etaS %.4g | %s', robustness, etaS, branchCase.Label);",mRLFE,Fit,GUI/adapter,low,preserve as historical context
examples\mrlfe\diagnostics\diagnose_mrlfe_gui_performance_32kHz.m,100,robustness,"row = summarizeRun(raw, label, robustness, etaS, branchCase, elapsed, numel(frequency), timeRLA0, timeRLS0);",mRLFE,Fit,GUI/adapter,low,preserve as historical context
examples\mrlfe\diagnostics\diagnose_mrlfe_gui_performance_32kHz.m,146,robustness,"function row = summarizeRun(raw, label, robustness, etaS, branchCase, elapsed, nFreq, timeRLA0, timeRLS0)",mRLFE,Fit,GUI/adapter,low,preserve as historical context
examples\mrlfe\diagnostics\diagnose_mrlfe_gui_performance_32kHz.m,149,robustness,"row.Robustness = string(robustness);",mRLFE,Fit,GUI/adapter,low,preserve as historical context
examples\mrlfe\diagnostics\diagnose_mrlfe_unified_atlas_mu_sweep.m,74,Fast,"rlOptions = rlDefaultOptions(""Fast"");",mRLFE,Fit,diagnostic,low,preserve as historical context
examples\mrlfe\diagnostics\diagnose_mrlfe_unified_atlas_mu_sweep.m,100,Fast,"atlasOptions = rlDefaultOptions(""Fast"");",mRLFE,Fit,diagnostic,low,preserve as historical context
examples\mrlfe\diagnostics\diagnose_mrlfe_unified_atlas_mu_sweep.m,115,mrlfeAdaptiveCpScanPoints,"atlasOptions.mrlfeAdaptiveCpScanPoints = 900;",mRLFE,Fit,diagnostic,low,preserve as historical context
examples\mrlfe\diagnostics\diagnose_mrlfe_unified_atlas_mu_sweep.m,107,mrlfeViscoAtlasCpScanPoints,"atlasOptions.mrlfeViscoAtlasCpScanPoints = 900;",mRLFE,Fit,diagnostic,low,preserve as historical context
examples\mrlfe\diagnostics\diagnose_mrlfe_visco_direct_atlas.m,60,mrlfeA0DPCpScanPoints,"optionsAtlas.mrlfeA0DPCpScanPoints = 900;",mRLFE,Fit,diagnostic,low,preserve as historical context
examples\mrlfe\diagnostics\diagnose_mrlfe_visco_residual_landscape.m,31,Fast,"optionsBase = rlDefaultOptions(""Fast"");",mRLFE,Fit,diagnostic,low,preserve as historical context
examples\mrlfe\diagnostics\diagnose_mrlfe_visco_validity_breakdown.m,32,Fast,"optionsBase = rlDefaultOptions(""Fast"");",mRLFE,Fit,diagnostic,low,preserve as historical context
examples\mrlfe\diagnostics\stress_test_mrlfe_real_k_range.m,28,Fast,"optionsBase = rlDefaultOptions(""Fast"");",mRLFE,Fit,test,low,preserve as historical context
examples\mrlfe\diagnostics\archive\diagnose_mrlfe_a0_adaptive_policy_mu_sweep.m,68,Fast,"rlOptions = rlDefaultOptions(""Fast"");",mRLFE,Fit,diagnostic,low,preserve as historical context
examples\mrlfe\diagnostics\archive\diagnose_mrlfe_a0_adaptive_policy_mu_sweep.m,94,Fast,"options = rlDefaultOptions(""Fast"");",mRLFE,Fit,diagnostic,low,preserve as historical context
examples\mrlfe\diagnostics\archive\diagnose_mrlfe_a0_adaptive_policy_mu_sweep.m,110,Fast,"options = rlDefaultOptions(""Fast"");",mRLFE,Fit,diagnostic,low,preserve as historical context
examples\mrlfe\diagnostics\archive\diagnose_mrlfe_a0_adaptive_policy_mu_sweep.m,111,mrlfeAdaptiveCpScanPoints,"options.mrlfeAdaptiveCpScanPoints = 900;",mRLFE,Fit,diagnostic,low,preserve as historical context
examples\mrlfe\diagnostics\archive\diagnose_mrlfe_a0_adaptive_policy_mu_sweep.m,100,mrlfeViscoAtlasCpScanPoints,"options.mrlfeViscoAtlasCpScanPoints = 900;",mRLFE,Fit,diagnostic,low,preserve as historical context
examples\mrlfe\diagnostics\archive\diagnose_mrlfe_a0_direct_visco_atlas_start_failure.m,44,Fast,"seedOptions = rlDefaultOptions(""Fast"");",mRLFE,Fit,diagnostic,low,preserve as historical context
examples\mrlfe\diagnostics\archive\diagnose_mrlfe_a0_direct_visco_atlas_start_failure.m,55,Fast,"baseOptions = rlDefaultOptions(""Fast"");",mRLFE,Fit,diagnostic,low,preserve as historical context
examples\mrlfe\diagnostics\archive\diagnose_mrlfe_a0_direct_visco_atlas_start_failure.m,82,mrlfeViscoAtlasCpScanPoints,"policy.mrlfeViscoAtlasCpScanPoints = 900;",mRLFE,Fit,diagnostic,low,preserve as historical context
examples\mrlfe\diagnostics\archive\diagnose_mrlfe_a0_direct_visco_atlas_vs_maintained.m,44,Fast,"referenceOptions = rlDefaultOptions(""Fast"");",mRLFE,Fit,diagnostic,low,preserve as historical context
examples\mrlfe\diagnostics\archive\diagnose_mrlfe_a0_direct_visco_atlas_vs_maintained.m,98,mrlfeViscoAtlasCpScanPoints,"policy.mrlfeViscoAtlasCpScanPoints = 900;",mRLFE,Fit,diagnostic,low,preserve as historical context
examples\mrlfe\diagnostics\archive\diagnose_mrlfe_a0_low_residual_basins_mu_sweep.m,95,Fast,"rlOptions = rlDefaultOptions(""Fast"");",mRLFE,Fit,diagnostic,low,preserve as historical context
examples\mrlfe\diagnostics\archive\diagnose_mrlfe_a0_low_residual_basins_mu_sweep.m,119,Fast,"options = rlDefaultOptions(""Fast"");",mRLFE,Fit,diagnostic,low,preserve as historical context
examples\mrlfe\diagnostics\archive\diagnose_mrlfe_a0_low_residual_basins_mu_sweep.m,134,Fast,"options = rlDefaultOptions(""Fast"");",mRLFE,Fit,diagnostic,low,preserve as historical context
examples\mrlfe\diagnostics\archive\diagnose_mrlfe_a0_low_residual_basins_mu_sweep.m,135,mrlfeAdaptiveCpScanPoints,"options.mrlfeAdaptiveCpScanPoints = 900;",mRLFE,Fit,diagnostic,low,preserve as historical context
examples\mrlfe\diagnostics\archive\diagnose_mrlfe_a0_low_residual_basins_mu_sweep.m,125,mrlfeViscoAtlasCpScanPoints,"options.mrlfeViscoAtlasCpScanPoints = 900;",mRLFE,Fit,diagnostic,low,preserve as historical context
examples\mrlfe\diagnostics\archive\diagnose_mrlfe_a0_residual_landscape_mu_sweep.m,105,Fast,"rlOptions = rlDefaultOptions(""Fast"");",mRLFE,Fit,diagnostic,low,preserve as historical context
examples\mrlfe\diagnostics\archive\diagnose_mrlfe_a0_residual_landscape_mu_sweep.m,131,Fast,"options = rlDefaultOptions(""Fast"");",mRLFE,Fit,diagnostic,low,preserve as historical context
examples\mrlfe\diagnostics\archive\diagnose_mrlfe_a0_residual_landscape_mu_sweep.m,146,Fast,"options = rlDefaultOptions(""Fast"");",mRLFE,Fit,diagnostic,low,preserve as historical context
examples\mrlfe\diagnostics\archive\diagnose_mrlfe_a0_residual_landscape_mu_sweep.m,147,mrlfeAdaptiveCpScanPoints,"options.mrlfeAdaptiveCpScanPoints = 900;",mRLFE,Fit,diagnostic,low,preserve as historical context
examples\mrlfe\diagnostics\archive\diagnose_mrlfe_a0_residual_landscape_mu_sweep.m,137,mrlfeViscoAtlasCpScanPoints,"options.mrlfeViscoAtlasCpScanPoints = 900;",mRLFE,Fit,diagnostic,low,preserve as historical context
examples\mrlfe\diagnostics\archive\diagnose_mrlfe_s0_direct_visco_atlas_cut_boundary.m,44,Fast,"seedOptions = rlDefaultOptions(""Fast"");",mRLFE,Fit,diagnostic,low,preserve as historical context
examples\mrlfe\diagnostics\archive\diagnose_mrlfe_s0_direct_visco_atlas_cut_boundary.m,55,Fast,"baseOptions = rlDefaultOptions(""Fast"");",mRLFE,Fit,diagnostic,low,preserve as historical context
examples\mrlfe\diagnostics\archive\diagnose_mrlfe_s0_direct_visco_atlas_cut_boundary.m,82,mrlfeViscoAtlasCpScanPoints,"policy.mrlfeViscoAtlasCpScanPoints = 900;",mRLFE,Fit,diagnostic,low,preserve as historical context
examples\rayleigh_lamb\basic\run_default_A0.m,6,Balanced,"options = rlDefaultOptions(""Balanced"");",RL,Fit,Default,low,preserve as historical context
examples\rayleigh_lamb\basic\run_default_A0_S0.m,7,Balanced,"options = rlDefaultOptions(""Balanced"");",RL,Fit,Default,low,preserve as historical context
examples\rayleigh_lamb\fitting\fit_default_A0.m,15,Fast,"solverOptions = rlDefaultOptions(""Fast"");",RL,Fit,Default,low,preserve as historical context
examples\rayleigh_lamb\validation\check_default_outputs.m,7,Balanced,"options = rlDefaultOptions(""Balanced"");",RL,Fit,Default,low,preserve as historical context
models\acoustoelastic_iop_hgo\options\defaultAcoustoelasticIOPHGOOptions.m,75,atlasInitializationNumFrequencyPoints,"options.atlasInitializationNumFrequencyPoints = 50;",AE,Fit,Default,low,preserve as historical context
models\acoustoelastic_iop_hgo\options\defaultAcoustoelasticIOPHGOOptions.m,51,MaxIter,"options.complexCMaxIter = 250;",AE,Fit,Default,low,preserve as historical context
models\acoustoelastic_iop_hgo\options\defaultAcoustoelasticIOPHGOOptions.m,52,MaxFunEvals,"options.complexCMaxFunEvals = 900;",AE,Fit,Default,low,preserve as historical context
models\acoustoelastic_iop_hgo\options\defaultAcoustoelasticIOPHGOOptions.m,53,TolX,"options.complexCTolX = 1e-9;",AE,Fit,Default,low,preserve as historical context
models\acoustoelastic_iop_hgo\solvers\solveAcoustoelasticAtlasBranch.m,23,atlasNumYPoints,"yGrid = logspace(log10(options.atlasYMin), log10(options.atlasYMax), options.atlasNumYPoints);",AE,Fit,solver/API,low,preserve as historical context
models\acoustoelastic_iop_hgo\solvers\solveAcoustoelasticAtlasBranch.m,130,atlasNumYPoints,"def.atlasNumYPoints = 1000;",AE,Fit,solver/API,low,preserve as historical context
models\acoustoelastic_iop_hgo\solvers\solveAcoustoelasticAtlasBranch.m,35,atlasTopNMinima,"minima = localMinima(cGrid, objectiveMap(:,k), cShear, options.atlasTopNMinima, options);",AE,Fit,solver/API,low,preserve as historical context
models\acoustoelastic_iop_hgo\solvers\solveAcoustoelasticAtlasBranch.m,131,atlasTopNMinima,"def.atlasTopNMinima = 18;",AE,Fit,solver/API,low,preserve as historical context
models\acoustoelastic_iop_hgo\solvers\solveAcoustoelasticComplexCDispersion.m,81,MaxIter,"'MaxIter', options.complexCMaxIter, ...",AE,Fit,solver/API,low,preserve as historical context
models\acoustoelastic_iop_hgo\solvers\solveAcoustoelasticComplexCDispersion.m,82,MaxFunEvals,"'MaxFunEvals', options.complexCMaxFunEvals, ...",AE,Fit,solver/API,low,preserve as historical context
models\acoustoelastic_iop_hgo\solvers\solveAcoustoelasticComplexCDispersion.m,83,TolX,"'TolX', options.complexCTolX, ...",AE,Fit,solver/API,low,preserve as historical context
models\acoustoelastic_iop_hgo\solvers\solveAcoustoelasticIOPHGOAtlasBranch.m,70,atlasInitializationNumFrequencyPoints,"nInit = round(getOptionValue(options, 'atlasInitializationNumFrequencyPoints', 50));",AE,Fit,solver/API,low,preserve as historical context
models\acoustoelastic_iop_hgo\solvers\solveAcoustoelasticIOPHGOAtlasBranch.m,93,atlasInitializationNumFrequencyPoints,"result.internalAtlasTracking.InitializationNumFrequencyPoints = getOptionValue(options, 'atlasInitializationNumFrequencyPoints', 50);",AE,Fit,solver/API,low,preserve as historical context
models\mrlfe\solvers\refineMRLFEComplexKRoot.m,33,MaxIter,"'MaxIter', getFieldOrDefault(options, 'mrlfeComplexMaxIter', 60), ...",mRLFE,Fit,solver/API,low,preserve as historical context
models\mrlfe\solvers\refineMRLFEComplexKRoot.m,34,MaxFunEvals,"'MaxFunEvals', getFieldOrDefault(options, 'mrlfeComplexMaxFunEvals', 120), ...",mRLFE,Fit,solver/API,low,preserve as historical context
models\mrlfe\solvers\refineMRLFEComplexKRoot.m,35,TolX,"'TolX', getFieldOrDefault(options, 'mrlfeComplexTolX', 1e-7), ...",mRLFE,Fit,solver/API,low,preserve as historical context
models\mrlfe\solvers\solveMRLFEAtlasUnified.m,109,mrlfeAdaptiveCpScanPoints,"opt.mrlfeAdaptiveCpScanPoints = getOption(options, 'mrlfeAdaptiveCpScanPoints', getOption(options, 'mrlfeViscoAtlasCpScanPoints', 900));",mRLFE,Fit,solver/API,low,preserve as historical context
models\mrlfe\solvers\solveMRLFEAtlasUnified.m,137,mrlfeAdaptiveCpScanPoints,"opt.mrlfeAdaptiveCpScanPoints = getOption(options, 'mrlfeAdaptiveCpScanPoints', getOption(options, 'mrlfeViscoAtlasCpScanPoints', 900));",mRLFE,Fit,solver/API,low,preserve as historical context
models\mrlfe\solvers\solveMRLFEAtlasUnified.m,101,mrlfeViscoAtlasCpScanPoints,"opt.mrlfeA0DPCpScanPoints = getOption(options, 'mrlfeViscoAtlasCpScanPoints', getOption(options, 'mrlfeA0DPCpScanPoints', 900));",mRLFE,Fit,solver/API,low,preserve as historical context
models\mrlfe\solvers\solveMRLFEAtlasUnified.m,109,mrlfeViscoAtlasCpScanPoints,"opt.mrlfeAdaptiveCpScanPoints = getOption(options, 'mrlfeAdaptiveCpScanPoints', getOption(options, 'mrlfeViscoAtlasCpScanPoints', 900));",mRLFE,Fit,solver/API,low,preserve as historical context
models\mrlfe\solvers\solveMRLFEAtlasUnified.m,137,mrlfeViscoAtlasCpScanPoints,"opt.mrlfeAdaptiveCpScanPoints = getOption(options, 'mrlfeAdaptiveCpScanPoints', getOption(options, 'mrlfeViscoAtlasCpScanPoints', 900));",mRLFE,Fit,solver/API,low,preserve as historical context
models\mrlfe\solvers\solveMRLFEAtlasUnified.m,101,mrlfeA0DPCpScanPoints,"opt.mrlfeA0DPCpScanPoints = getOption(options, 'mrlfeViscoAtlasCpScanPoints', getOption(options, 'mrlfeA0DPCpScanPoints', 900));",mRLFE,Fit,solver/API,low,preserve as historical context
models\mrlfe\solvers\solveMRLFEBranchAdaptiveAtlas.m,147,mrlfeAdaptiveCpScanPoints,"tracker.cpScanPoints = getOption(options, 'mrlfeAdaptiveCpScanPoints', getOption(options, 'mrlfeViscoAtlasCpScanPoints', 900));",mRLFE,Fit,solver/API,low,preserve as historical context
models\mrlfe\solvers\solveMRLFEBranchAdaptiveAtlas.m,147,mrlfeViscoAtlasCpScanPoints,"tracker.cpScanPoints = getOption(options, 'mrlfeAdaptiveCpScanPoints', getOption(options, 'mrlfeViscoAtlasCpScanPoints', 900));",mRLFE,Fit,solver/API,low,preserve as historical context
models\mrlfe\solvers\solveMRLFEBranchAdaptiveAtlas.m,160,MaxIter,"tracker.refineMaxIter = getOption(options, 'mrlfeA0DPRefineMaxIter', 24);",mRLFE,Fit,solver/API,low,preserve as historical context
models\mrlfe\solvers\solveMRLFEBranchAdaptiveAtlas.m,294,MaxIter,"'MaxIter', tracker.refineMaxIter, 'MaxFunEvals', tracker.refineMaxFunEvals);",mRLFE,Fit,solver/API,low,preserve as historical context
models\mrlfe\solvers\solveMRLFEBranchAdaptiveAtlas.m,161,MaxFunEvals,"tracker.refineMaxFunEvals = getOption(options, 'mrlfeA0DPRefineMaxFunEvals', 60);",mRLFE,Fit,solver/API,low,preserve as historical context
models\mrlfe\solvers\solveMRLFEBranchAdaptiveAtlas.m,294,MaxFunEvals,"'MaxIter', tracker.refineMaxIter, 'MaxFunEvals', tracker.refineMaxFunEvals);",mRLFE,Fit,solver/API,low,preserve as historical context
models\mrlfe\solvers\solveMRLFEBranchAdaptiveAtlas.m,159,TolX,"tracker.refineTolX = getOption(options, 'mrlfeA0DPRefineTolX', 1e-6);",mRLFE,Fit,solver/API,low,preserve as historical context
models\mrlfe\solvers\solveMRLFEBranchAdaptiveAtlas.m,293,TolX,"opt = optimset('Display', 'off', 'TolX', tracker.refineTolX, ...",mRLFE,Fit,solver/API,low,preserve as historical context
models\mrlfe\solvers\solveMRLFEBranchDP.m,75,mrlfeA0DPCpScanPoints,"tracker.cpScanPoints = getOption(options, 'mrlfeA0DPCpScanPoints', 2200);",mRLFE,Fit,solver/API,low,preserve as historical context
models\mrlfe\solvers\solveMRLFEBranchDP.m,91,MaxIter,"tracker.refineMaxIter = getOption(options, 'mrlfeA0DPRefineMaxIter', 24);",mRLFE,Fit,solver/API,low,preserve as historical context
models\mrlfe\solvers\solveMRLFEBranchDP.m,191,MaxIter,"'MaxIter', tracker.refineMaxIter, 'MaxFunEvals', tracker.refineMaxFunEvals);",mRLFE,Fit,solver/API,low,preserve as historical context
models\mrlfe\solvers\solveMRLFEBranchDP.m,92,MaxFunEvals,"tracker.refineMaxFunEvals = getOption(options, 'mrlfeA0DPRefineMaxFunEvals', 60);",mRLFE,Fit,solver/API,low,preserve as historical context
models\mrlfe\solvers\solveMRLFEBranchDP.m,191,MaxFunEvals,"'MaxIter', tracker.refineMaxIter, 'MaxFunEvals', tracker.refineMaxFunEvals);",mRLFE,Fit,solver/API,low,preserve as historical context
models\mrlfe\solvers\solveMRLFEBranchDP.m,90,TolX,"tracker.refineTolX = getOption(options, 'mrlfeA0DPRefineTolX', 1e-6);",mRLFE,Fit,solver/API,low,preserve as historical context
models\mrlfe\solvers\solveMRLFEBranchDP.m,190,TolX,"opt = optimset('Display', 'off', 'TolX', tracker.refineTolX, ...",mRLFE,Fit,solver/API,low,preserve as historical context
models\mrlfe\solvers\solveMRLFEBranchModalAtlas.m,164,MaxIter,"atlasOptions.refineMaxIter = getOption(options, 'mrlfeModalAtlasRefineMaxIter', 20);",mRLFE,Fit,solver/API,low,preserve as historical context
models\mrlfe\solvers\solveMRLFEBranchModalAtlas.m,274,MaxIter,"'MaxIter', atlasOptions.refineMaxIter, 'MaxFunEvals', atlasOptions.refineMaxFunEvals);",mRLFE,Fit,solver/API,low,preserve as historical context
models\mrlfe\solvers\solveMRLFEBranchModalAtlas.m,165,MaxFunEvals,"atlasOptions.refineMaxFunEvals = getOption(options, 'mrlfeModalAtlasRefineMaxFunEvals', 50);",mRLFE,Fit,solver/API,low,preserve as historical context
models\mrlfe\solvers\solveMRLFEBranchModalAtlas.m,274,MaxFunEvals,"'MaxIter', atlasOptions.refineMaxIter, 'MaxFunEvals', atlasOptions.refineMaxFunEvals);",mRLFE,Fit,solver/API,low,preserve as historical context
models\mrlfe\solvers\solveMRLFEBranchModalAtlas.m,163,TolX,"atlasOptions.refineTolX = getOption(options, 'mrlfeModalAtlasRefineTolX', 1e-6);",mRLFE,Fit,solver/API,low,preserve as historical context
models\mrlfe\solvers\solveMRLFEBranchModalAtlas.m,273,TolX,"opt = optimset('Display', 'off', 'TolX', atlasOptions.refineTolX, ...",mRLFE,Fit,solver/API,low,preserve as historical context
models\mrlfe\solvers\solveMRLFEViscoBranchAtlas.m,51,mrlfeViscoAtlasCpScanPoints,"options.mrlfeA0DPCpScanPoints = getOptionWithAlias(options, 'mrlfeA0DPCpScanPoints', 'mrlfeViscoAtlasCpScanPoints', 900);",mRLFE,Fit,solver/API,low,preserve as historical context
models\mrlfe\solvers\solveMRLFEViscoBranchAtlas.m,51,mrlfeA0DPCpScanPoints,"options.mrlfeA0DPCpScanPoints = getOptionWithAlias(options, 'mrlfeA0DPCpScanPoints', 'mrlfeViscoAtlasCpScanPoints', 900);",mRLFE,Fit,solver/API,low,preserve as historical context
models\mrlfe\solvers\solveMRLFEViscoBranchAtlas.m,187,mrlfeA0DPCpScanPoints,"summary.cpScanPoints = getOption(options, 'mrlfeA0DPCpScanPoints', NaN);",mRLFE,Fit,solver/API,low,preserve as historical context
models\mrlfe\solvers\solveMRLFEViscoBranchAtlas.m,55,MaxIter,"options.mrlfeA0DPRefineMaxIter = getOption(options, 'mrlfeA0DPRefineMaxIter', 24);",mRLFE,Fit,solver/API,low,preserve as historical context
models\mrlfe\solvers\solveMRLFEViscoBranchAtlas.m,198,MaxIter,"summary.refineMaxIter = getOption(options, 'mrlfeA0DPRefineMaxIter', NaN);",mRLFE,Fit,solver/API,low,preserve as historical context
models\mrlfe\solvers\solveMRLFEViscoBranchAtlas.m,56,MaxFunEvals,"options.mrlfeA0DPRefineMaxFunEvals = getOption(options, 'mrlfeA0DPRefineMaxFunEvals', 60);",mRLFE,Fit,solver/API,low,preserve as historical context
models\mrlfe\solvers\solveMRLFEViscoBranchAtlas.m,199,MaxFunEvals,"summary.refineMaxFunEvals = getOption(options, 'mrlfeA0DPRefineMaxFunEvals', NaN);",mRLFE,Fit,solver/API,low,preserve as historical context
models\mrlfe\solvers\solveMRLFEViscoBranchAtlas.m,54,TolX,"options.mrlfeA0DPRefineTolX = getOption(options, 'mrlfeA0DPRefineTolX', 1e-6);",mRLFE,Fit,solver/API,low,preserve as historical context
models\mrlfe\solvers\solveMRLFEViscoBranchAtlas.m,197,TolX,"summary.refineTolX = getOption(options, 'mrlfeA0DPRefineTolX', NaN);",mRLFE,Fit,solver/API,low,preserve as historical context
models\rayleigh_lamb\core\rlDefaultOptions.m,4,Fast,"% robustness can be ""Fast"", ""Balanced"", or ""Robust"".",RL,Fit,Default,low,preserve as historical context
models\rayleigh_lamb\core\rlDefaultOptions.m,142,Fast,"case ""Fast""",RL,Fit,Default,low,preserve as historical context
models\rayleigh_lamb\core\rlDefaultOptions.m,168,Fast,"error('Unknown robustness preset. Use Fast, Balanced, or Robust.');",RL,Fit,Default,low,preserve as historical context
models\rayleigh_lamb\core\rlDefaultOptions.m,4,Balanced,"% robustness can be ""Fast"", ""Balanced"", or ""Robust"".",RL,Fit,Default,low,preserve as historical context
models\rayleigh_lamb\core\rlDefaultOptions.m,7,Balanced,"robustness = ""Balanced"";",RL,Fit,Default,low,preserve as historical context
models\rayleigh_lamb\core\rlDefaultOptions.m,151,Balanced,"case ""Balanced""",RL,Fit,Default,low,preserve as historical context
models\rayleigh_lamb\core\rlDefaultOptions.m,168,Balanced,"error('Unknown robustness preset. Use Fast, Balanced, or Robust.');",RL,Fit,Default,low,preserve as historical context
models\rayleigh_lamb\core\rlDefaultOptions.m,4,Robust,"% robustness can be ""Fast"", ""Balanced"", or ""Robust"".",RL,Fit,Default,low,preserve as historical context
models\rayleigh_lamb\core\rlDefaultOptions.m,158,Robust,"case ""Robust""",RL,Fit,Default,low,preserve as historical context
models\rayleigh_lamb\core\rlDefaultOptions.m,168,Robust,"error('Unknown robustness preset. Use Fast, Balanced, or Robust.');",RL,Fit,Default,low,preserve as historical context
models\rayleigh_lamb\core\rlDefaultOptions.m,1,robustness,"function options = rlDefaultOptions(robustness)",RL,Fit,Default,low,preserve as historical context
models\rayleigh_lamb\core\rlDefaultOptions.m,2,robustness,"% Return default solver options for the requested robustness preset.",RL,Fit,Default,low,preserve as historical context
models\rayleigh_lamb\core\rlDefaultOptions.m,4,robustness,"% robustness can be ""Fast"", ""Balanced"", or ""Robust"".",RL,Fit,Default,low,preserve as historical context
models\rayleigh_lamb\core\rlDefaultOptions.m,6,robustness,"if nargin < 1 || strlength(string(robustness)) == 0",RL,Fit,Default,low,preserve as historical context
models\rayleigh_lamb\core\rlDefaultOptions.m,7,robustness,"robustness = ""Balanced"";",RL,Fit,Default,low,preserve as historical context
models\rayleigh_lamb\core\rlDefaultOptions.m,10,robustness,"robustness = string(robustness);",RL,Fit,Default,low,preserve as historical context
models\rayleigh_lamb\core\rlDefaultOptions.m,16,robustness,"options.robustness = robustness;",RL,Fit,Default,low,preserve as historical context
models\rayleigh_lamb\core\rlDefaultOptions.m,141,robustness,"switch robustness",RL,Fit,Default,low,preserve as historical context
models\rayleigh_lamb\core\rlDefaultOptions.m,168,robustness,"error('Unknown robustness preset. Use Fast, Balanced, or Robust.');",RL,Fit,Default,low,preserve as historical context
models\rayleigh_lamb\core\rlDefaultOptions.m,97,mrlfeA0DPCpScanPoints,"options.mrlfeA0DPCpScanPoints = 2200;",RL,Fit,Default,low,preserve as historical context
models\rayleigh_lamb\core\rlDefaultOptions.m,121,MaxIter,"options.mrlfeComplexMaxIter = 120;",RL,Fit,Default,low,preserve as historical context
models\rayleigh_lamb\core\rlDefaultOptions.m,148,MaxIter,"options.mrlfeComplexMaxIter = 70;",RL,Fit,Default,low,preserve as historical context
models\rayleigh_lamb\core\rlDefaultOptions.m,164,MaxIter,"options.mrlfeComplexMaxIter = 180;",RL,Fit,Default,low,preserve as historical context
models\rayleigh_lamb\core\rlDefaultOptions.m,122,MaxFunEvals,"options.mrlfeComplexMaxFunEvals = 260;",RL,Fit,Default,low,preserve as historical context
models\rayleigh_lamb\core\rlDefaultOptions.m,149,MaxFunEvals,"options.mrlfeComplexMaxFunEvals = 150;",RL,Fit,Default,low,preserve as historical context
models\rayleigh_lamb\core\rlDefaultOptions.m,165,MaxFunEvals,"options.mrlfeComplexMaxFunEvals = 420;",RL,Fit,Default,low,preserve as historical context
models\rayleigh_lamb\core\rlDefaultOptions.m,123,TolX,"options.mrlfeComplexTolX = 1e-7;",RL,Fit,Default,low,preserve as historical context
tests\app\fitting\test_execution_profile_current_contract.m,8,Fast,"fast = rlDefaultOptions(""Fast"");",shared,Fit,test,low,preserve as historical context
tests\app\fitting\test_execution_profile_current_contract.m,13,Fast,"'Fast RL gridPointsInitial should be lower than Balanced.');",shared,Fit,test,low,preserve as historical context
tests\app\fitting\test_execution_profile_current_contract.m,17,Fast,"'Fast RL gridPointsTracking should be lower than Balanced.');",shared,Fit,test,low,preserve as historical context
tests\app\fitting\test_execution_profile_current_contract.m,24,Fast,"aeFast = aeDefaultSweepOptions(""Fast"");",shared,Fit,test,low,preserve as historical context
tests\app\fitting\test_execution_profile_current_contract.m,28,Fast,"assert(aeFast.atlasNumYPoints == 300 && aeFast.atlasTopNMinima == 12, ...",shared,Fit,test,low,preserve as historical context
tests\app\fitting\test_execution_profile_current_contract.m,29,Fast,"'AE Fast should map to atlas 300/12.');",shared,Fit,test,low,preserve as historical context
tests\app\fitting\test_execution_profile_current_contract.m,35,Fast,"%% Fit mRLFE currently accepts robustness in controls but uses mrlfeDefaultSweepOptions Fast.",shared,Fit,test,low,preserve as historical context
tests\app\fitting\test_execution_profile_current_contract.m,42,Fast,"assert(mrlfeOptions.robustness == ""Fast"", ...",shared,Fit,test,low,preserve as historical context
tests\app\fitting\test_execution_profile_current_contract.m,43,Fast,"'mRLFE default sweep options currently force rlDefaultOptions(""Fast"") independent of Fit controls.robustness.');",shared,Fit,test,low,preserve as historical context
tests\app\fitting\test_execution_profile_current_contract.m,9,Balanced,"balanced = rlDefaultOptions(""Balanced"");",shared,Fit,test,low,preserve as historical context
tests\app\fitting\test_execution_profile_current_contract.m,13,Balanced,"'Fast RL gridPointsInitial should be lower than Balanced.');",shared,Fit,test,low,preserve as historical context
tests\app\fitting\test_execution_profile_current_contract.m,15,Balanced,"'Balanced RL gridPointsInitial should be lower than Robust.');",shared,Fit,test,low,preserve as historical context
tests\app\fitting\test_execution_profile_current_contract.m,17,Balanced,"'Fast RL gridPointsTracking should be lower than Balanced.');",shared,Fit,test,low,preserve as historical context
tests\app\fitting\test_execution_profile_current_contract.m,19,Balanced,"'Balanced RL gridPointsTracking should be lower than Robust.');",shared,Fit,test,low,preserve as historical context
tests\app\fitting\test_execution_profile_current_contract.m,25,Balanced,"aeBalanced = aeDefaultSweepOptions(""Balanced"");",shared,Fit,test,low,preserve as historical context
tests\app\fitting\test_execution_profile_current_contract.m,30,Balanced,"assert(aeBalanced.atlasNumYPoints == 600 && aeBalanced.atlasTopNMinima == 16, ...",shared,Fit,test,low,preserve as historical context
tests\app\fitting\test_execution_profile_current_contract.m,31,Balanced,"'AE Balanced should map to atlas 600/16.');",shared,Fit,test,low,preserve as historical context
tests\app\fitting\test_execution_profile_current_contract.m,10,Robust,"robust = rlDefaultOptions(""Robust"");",shared,Fit,test,low,preserve as historical context
tests\app\fitting\test_execution_profile_current_contract.m,15,Robust,"'Balanced RL gridPointsInitial should be lower than Robust.');",shared,Fit,test,low,preserve as historical context
tests\app\fitting\test_execution_profile_current_contract.m,19,Robust,"'Balanced RL gridPointsTracking should be lower than Robust.');",shared,Fit,test,low,preserve as historical context
tests\app\fitting\test_execution_profile_current_contract.m,26,Robust,"aeRobust = aeDefaultSweepOptions(""Robust"");",shared,Fit,test,low,preserve as historical context
tests\app\fitting\test_execution_profile_current_contract.m,32,Robust,"assert(aeRobust.atlasNumYPoints == 900 && aeRobust.atlasTopNMinima == 20, ...",shared,Fit,test,low,preserve as historical context
tests\app\fitting\test_execution_profile_current_contract.m,33,Robust,"'AE Robust should map to atlas 900/20.');",shared,Fit,test,low,preserve as historical context
tests\app\fitting\test_execution_profile_current_contract.m,36,Robust,"requestedRobustControls = struct('robustness', ""Robust"", 'etaS', 0.05, ...",shared,Fit,test,low,preserve as historical context
tests\app\fitting\test_execution_profile_current_contract.m,39,Robust,"mrlfeOptions = mrlfeDefaultSweepOptions(""A0Like"", 'EtaS', requestedRobustControls.etaS, ...",shared,Fit,test,low,preserve as historical context
tests\app\fitting\test_execution_profile_current_contract.m,40,Robust,"'UseUnifiedAtlasRoute', requestedRobustControls.mrlfeUseUnifiedAtlasRoute, ...",shared,Fit,test,low,preserve as historical context
tests\app\fitting\test_execution_profile_current_contract.m,41,Robust,"'A0Policy', requestedRobustControls.mrlfeA0Policy);",shared,Fit,test,low,preserve as historical context
tests\app\fitting\test_execution_profile_current_contract.m,55,Robust,"%% Fit AE can silently override a requested Robust atlas density through controls.",shared,Fit,test,low,preserve as historical context
tests\app\fitting\test_execution_profile_current_contract.m,56,Robust,"controls = struct('robustness', ""Robust"", 'atlasNumYPoints', 300, ...",shared,Fit,test,low,preserve as historical context
tests\app\fitting\test_execution_profile_current_contract.m,64,Robust,"'AE Fit controls currently override robustness-derived Robust atlas density.');",shared,Fit,test,low,preserve as historical context
tests\app\fitting\test_execution_profile_current_contract.m,21,robustness,"'RL robustness presets should alter mRLFE seed grid density.');",shared,Fit,test,low,preserve as historical context
tests\app\fitting\test_execution_profile_current_contract.m,35,robustness,"%% Fit mRLFE currently accepts robustness in controls but uses mrlfeDefaultSweepOptions Fast.",shared,Fit,test,low,preserve as historical context
tests\app\fitting\test_execution_profile_current_contract.m,36,robustness,"requestedRobustControls = struct('robustness', ""Robust"", 'etaS', 0.05, ...",shared,Fit,test,low,preserve as historical context
tests\app\fitting\test_execution_profile_current_contract.m,42,robustness,"assert(mrlfeOptions.robustness == ""Fast"", ...",shared,Fit,test,low,preserve as historical context
tests\app\fitting\test_execution_profile_current_contract.m,43,robustness,"'mRLFE default sweep options currently force rlDefaultOptions(""Fast"") independent of Fit controls.robustness.');",shared,Fit,test,low,preserve as historical context
tests\app\fitting\test_execution_profile_current_contract.m,56,robustness,"controls = struct('robustness', ""Robust"", 'atlasNumYPoints', 300, ...",shared,Fit,test,low,preserve as historical context
tests\app\fitting\test_execution_profile_current_contract.m,58,robustness,"solverOptions = aeDefaultSweepOptions(string(controls.robustness));",shared,Fit,test,low,preserve as historical context
tests\app\fitting\test_execution_profile_current_contract.m,64,robustness,"'AE Fit controls currently override robustness-derived Robust atlas density.');",shared,Fit,test,low,preserve as historical context
tests\app\fitting\test_execution_profile_current_contract.m,50,fitAtlasPreset,"assert(raw.evaluationPath.fitAtlasPreset == ""fast_fit_atlas"", ...",shared,Fit,test,low,preserve as historical context
tests\app\fitting\test_execution_profile_current_contract.m,45,fast_fit_atlas,"%% mRLFE atlas fit route applies the fast_fit_atlas preset by default.",shared,Fit,test,low,preserve as historical context
tests\app\fitting\test_execution_profile_current_contract.m,50,fast_fit_atlas,"assert(raw.evaluationPath.fitAtlasPreset == ""fast_fit_atlas"", ...",shared,Fit,test,low,preserve as historical context
tests\app\fitting\test_execution_profile_current_contract.m,51,fast_fit_atlas,"'mRLFE Fit evaluator should report the fast_fit_atlas preset.');",shared,Fit,test,low,preserve as historical context
tests\app\fitting\test_execution_profile_current_contract.m,53,fast_fit_atlas,"'mRLFE fast_fit_atlas should use 260 Cp scan points by default.');",shared,Fit,test,low,preserve as historical context
tests\app\fitting\test_execution_profile_current_contract.m,28,atlasNumYPoints,"assert(aeFast.atlasNumYPoints == 300 && aeFast.atlasTopNMinima == 12, ...",shared,Fit,test,low,preserve as historical context
tests\app\fitting\test_execution_profile_current_contract.m,30,atlasNumYPoints,"assert(aeBalanced.atlasNumYPoints == 600 && aeBalanced.atlasTopNMinima == 16, ...",shared,Fit,test,low,preserve as historical context
tests\app\fitting\test_execution_profile_current_contract.m,32,atlasNumYPoints,"assert(aeRobust.atlasNumYPoints == 900 && aeRobust.atlasTopNMinima == 20, ...",shared,Fit,test,low,preserve as historical context
tests\app\fitting\test_execution_profile_current_contract.m,56,atlasNumYPoints,"controls = struct('robustness', ""Robust"", 'atlasNumYPoints', 300, ...",shared,Fit,test,low,preserve as historical context
tests\app\fitting\test_execution_profile_current_contract.m,60,atlasNumYPoints,"solverOptions.atlasNumYPoints = controls.atlasNumYPoints;",shared,Fit,test,low,preserve as historical context
tests\app\fitting\test_execution_profile_current_contract.m,63,atlasNumYPoints,"assert(solverOptions.atlasNumYPoints == 300 && solverOptions.atlasTopNMinima == 12, ...",shared,Fit,test,low,preserve as historical context
tests\app\fitting\test_execution_profile_current_contract.m,28,atlasTopNMinima,"assert(aeFast.atlasNumYPoints == 300 && aeFast.atlasTopNMinima == 12, ...",shared,Fit,test,low,preserve as historical context
tests\app\fitting\test_execution_profile_current_contract.m,30,atlasTopNMinima,"assert(aeBalanced.atlasNumYPoints == 600 && aeBalanced.atlasTopNMinima == 16, ...",shared,Fit,test,low,preserve as historical context
tests\app\fitting\test_execution_profile_current_contract.m,32,atlasTopNMinima,"assert(aeRobust.atlasNumYPoints == 900 && aeRobust.atlasTopNMinima == 20, ...",shared,Fit,test,low,preserve as historical context
tests\app\fitting\test_execution_profile_current_contract.m,57,atlasTopNMinima,"'atlasTopNMinima', 12, 'atlasInitializationNumFrequencyPoints', 50);",shared,Fit,test,low,preserve as historical context
tests\app\fitting\test_execution_profile_current_contract.m,61,atlasTopNMinima,"solverOptions.atlasTopNMinima = controls.atlasTopNMinima;",shared,Fit,test,low,preserve as historical context
tests\app\fitting\test_execution_profile_current_contract.m,63,atlasTopNMinima,"assert(solverOptions.atlasNumYPoints == 300 && solverOptions.atlasTopNMinima == 12, ...",shared,Fit,test,low,preserve as historical context
tests\app\fitting\test_execution_profile_current_contract.m,57,atlasInitializationNumFrequencyPoints,"'atlasTopNMinima', 12, 'atlasInitializationNumFrequencyPoints', 50);",shared,Fit,test,low,preserve as historical context
tests\app\fitting\test_execution_profile_current_contract.m,62,atlasInitializationNumFrequencyPoints,"solverOptions.atlasInitializationNumFrequencyPoints = controls.atlasInitializationNumFrequencyPoints;",shared,Fit,test,low,preserve as historical context
tests\app\fitting\test_execution_profile_current_contract.m,65,atlasInitializationNumFrequencyPoints,"assert(solverOptions.atlasInitializationNumFrequencyPoints == 50, ...",shared,Fit,test,low,preserve as historical context
tests\app\fitting\test_execution_profile_current_contract.m,66,atlasInitializationNumFrequencyPoints,"'AE Fit controls currently add atlasInitializationNumFrequencyPoints = 50.');",shared,Fit,test,low,preserve as historical context
tests\app\fitting\test_gui_fit_registry_contract.m,35,Fast,"solverOptions = rlDefaultOptions(""Fast"");",shared,Fit,GUI/adapter,low,preserve as historical context
tests\app\fitting\test_gui_fit_registry_contract.m,51,Fast,"'controls', struct('robustness', ""Fast""), ...",shared,Fit,GUI/adapter,low,preserve as historical context
tests\app\fitting\test_gui_fit_registry_contract.m,100,Fast,"'controls', struct('robustness', ""Fast"", 'etaS', 0.0, 'fluidDensity', 1000, 'fluidSoundSpeed', 1500), ...",shared,Fit,GUI/adapter,low,preserve as historical context
tests\app\fitting\test_gui_fit_registry_contract.m,51,robustness,"'controls', struct('robustness', ""Fast""), ...",shared,Fit,GUI/adapter,low,preserve as historical context
tests\app\fitting\test_gui_fit_registry_contract.m,100,robustness,"'controls', struct('robustness', ""Fast"", 'etaS', 0.0, 'fluidDensity', 1000, 'fluidSoundSpeed', 1500), ...",shared,Fit,GUI/adapter,low,preserve as historical context
tests\app\fitting\test_gui_fit_registry_contract.m,102,MaxIter,"'optimizerOptions', optimset('Display', 'off', 'MaxIter', 35, 'MaxFunEvals', 70, 'TolX', 1e-4)));",shared,Fit,GUI/adapter,low,preserve as historical context
tests\app\fitting\test_gui_fit_registry_contract.m,102,MaxFunEvals,"'optimizerOptions', optimset('Display', 'off', 'MaxIter', 35, 'MaxFunEvals', 70, 'TolX', 1e-4)));",shared,Fit,GUI/adapter,low,preserve as historical context
tests\app\fitting\test_gui_fit_registry_contract.m,102,TolX,"'optimizerOptions', optimset('Display', 'off', 'MaxIter', 35, 'MaxFunEvals', 70, 'TolX', 1e-4)));",shared,Fit,GUI/adapter,low,preserve as historical context
tests\app\fitting\test_gui_mrlfe_elastic_atlas_guard_contract.m,17,Fast,"options = rlDefaultOptions(""Fast"");",mRLFE,Fit,GUI/adapter,low,preserve as historical context
tests\app\fitting\test_gui_mrlfe_fit_full_curve_fast_contract.m,47,Fast,"'controls', struct('robustness', ""Fast"", 'etaS', fitConfig.initialGuess.etaS, ...",mRLFE,Fit,GUI/adapter,low,preserve as historical context
tests\app\fitting\test_gui_mrlfe_fit_full_curve_fast_contract.m,47,robustness,"'controls', struct('robustness', ""Fast"", 'etaS', fitConfig.initialGuess.etaS, ...",mRLFE,Fit,GUI/adapter,low,preserve as historical context
tests\app\fitting\test_gui_mrlfe_fit_full_curve_fast_contract.m,37,MaxIter,"'optimizerOptions', optimset('Display', 'off', 'MaxIter', 10, 'MaxFunEvals', 24, 'TolX', 1e-5));",mRLFE,Fit,GUI/adapter,low,preserve as historical context
tests\app\fitting\test_gui_mrlfe_fit_full_curve_fast_contract.m,37,MaxFunEvals,"'optimizerOptions', optimset('Display', 'off', 'MaxIter', 10, 'MaxFunEvals', 24, 'TolX', 1e-5));",mRLFE,Fit,GUI/adapter,low,preserve as historical context
tests\app\fitting\test_gui_mrlfe_fit_full_curve_fast_contract.m,37,TolX,"'optimizerOptions', optimset('Display', 'off', 'MaxIter', 10, 'MaxFunEvals', 24, 'TolX', 1e-5));",mRLFE,Fit,GUI/adapter,low,preserve as historical context
tests\app\fitting\test_gui_mrlfe_fit_route_policy_contract.m,34,Fast,"'controls', struct('robustness', ""Fast"", 'etaS', params.etaS, ...",mRLFE,Fit,GUI/adapter,low,preserve as historical context
tests\app\fitting\test_gui_mrlfe_fit_route_policy_contract.m,55,Fast,"'controls', struct('robustness', ""Fast"", 'etaS', params.etaS, ...",mRLFE,Fit,GUI/adapter,low,preserve as historical context
tests\app\fitting\test_gui_mrlfe_fit_route_policy_contract.m,88,Fast,"'controls', struct('robustness', ""Fast"", 'etaS', params.etaS, ...",mRLFE,Fit,GUI/adapter,low,preserve as historical context
tests\app\fitting\test_gui_mrlfe_fit_route_policy_contract.m,34,robustness,"'controls', struct('robustness', ""Fast"", 'etaS', params.etaS, ...",mRLFE,Fit,GUI/adapter,low,preserve as historical context
tests\app\fitting\test_gui_mrlfe_fit_route_policy_contract.m,55,robustness,"'controls', struct('robustness', ""Fast"", 'etaS', params.etaS, ...",mRLFE,Fit,GUI/adapter,low,preserve as historical context
tests\app\fitting\test_gui_mrlfe_fit_route_policy_contract.m,88,robustness,"'controls', struct('robustness', ""Fast"", 'etaS', params.etaS, ...",mRLFE,Fit,GUI/adapter,low,preserve as historical context
tests\app\fitting\test_gui_mrlfe_fit_route_policy_contract.m,38,MaxIter,"'optimizerOptions', optimset('Display', 'off', 'MaxIter', 8, 'MaxFunEvals', 18, 'TolX', 1e-5)));",mRLFE,Fit,GUI/adapter,low,preserve as historical context
tests\app\fitting\test_gui_mrlfe_fit_route_policy_contract.m,59,MaxIter,"'optimizerOptions', optimset('Display', 'off', 'MaxIter', 8, 'MaxFunEvals', 18, 'TolX', 1e-5)));",mRLFE,Fit,GUI/adapter,low,preserve as historical context
tests\app\fitting\test_gui_mrlfe_fit_route_policy_contract.m,92,MaxIter,"'optimizerOptions', optimset('Display', 'off', 'MaxIter', 4, 'MaxFunEvals', 8, 'TolX', 1e-5)));",mRLFE,Fit,GUI/adapter,low,preserve as historical context
tests\app\fitting\test_gui_mrlfe_fit_route_policy_contract.m,38,MaxFunEvals,"'optimizerOptions', optimset('Display', 'off', 'MaxIter', 8, 'MaxFunEvals', 18, 'TolX', 1e-5)));",mRLFE,Fit,GUI/adapter,low,preserve as historical context
tests\app\fitting\test_gui_mrlfe_fit_route_policy_contract.m,59,MaxFunEvals,"'optimizerOptions', optimset('Display', 'off', 'MaxIter', 8, 'MaxFunEvals', 18, 'TolX', 1e-5)));",mRLFE,Fit,GUI/adapter,low,preserve as historical context
tests\app\fitting\test_gui_mrlfe_fit_route_policy_contract.m,92,MaxFunEvals,"'optimizerOptions', optimset('Display', 'off', 'MaxIter', 4, 'MaxFunEvals', 8, 'TolX', 1e-5)));",mRLFE,Fit,GUI/adapter,low,preserve as historical context
tests\app\fitting\test_gui_mrlfe_fit_route_policy_contract.m,38,TolX,"'optimizerOptions', optimset('Display', 'off', 'MaxIter', 8, 'MaxFunEvals', 18, 'TolX', 1e-5)));",mRLFE,Fit,GUI/adapter,low,preserve as historical context
tests\app\fitting\test_gui_mrlfe_fit_route_policy_contract.m,59,TolX,"'optimizerOptions', optimset('Display', 'off', 'MaxIter', 8, 'MaxFunEvals', 18, 'TolX', 1e-5)));",mRLFE,Fit,GUI/adapter,low,preserve as historical context
tests\app\fitting\test_gui_mrlfe_fit_route_policy_contract.m,92,TolX,"'optimizerOptions', optimset('Display', 'off', 'MaxIter', 4, 'MaxFunEvals', 8, 'TolX', 1e-5)));",mRLFE,Fit,GUI/adapter,low,preserve as historical context
tests\app\fitting\test_gui_mrlfe_fit_zero_eta_atlas_contract.m,36,Fast,"'controls', struct('robustness', ""Fast"", 'etaS', 0, ...",mRLFE,Fit,GUI/adapter,low,preserve as historical context
tests\app\fitting\test_gui_mrlfe_fit_zero_eta_atlas_contract.m,36,robustness,"'controls', struct('robustness', ""Fast"", 'etaS', 0, ...",mRLFE,Fit,GUI/adapter,low,preserve as historical context
tests\app\fitting\test_gui_mrlfe_fit_zero_eta_atlas_contract.m,40,MaxIter,"'optimizerOptions', optimset('Display', 'off', 'MaxIter', 10, 'MaxFunEvals', 24, 'TolX', 1e-4)));",mRLFE,Fit,GUI/adapter,low,preserve as historical context
tests\app\fitting\test_gui_mrlfe_fit_zero_eta_atlas_contract.m,40,MaxFunEvals,"'optimizerOptions', optimset('Display', 'off', 'MaxIter', 10, 'MaxFunEvals', 24, 'TolX', 1e-4)));",mRLFE,Fit,GUI/adapter,low,preserve as historical context
tests\app\fitting\test_gui_mrlfe_fit_zero_eta_atlas_contract.m,40,TolX,"'optimizerOptions', optimset('Display', 'off', 'MaxIter', 10, 'MaxFunEvals', 24, 'TolX', 1e-4)));",mRLFE,Fit,GUI/adapter,low,preserve as historical context
tests\app\fitting\test_gui_mrlfe_fixed_etaS_fit_contract.m,36,Fast,"'controls', struct('robustness', ""Fast"", 'etaS', fixedEtaS, ...",mRLFE,Fit,GUI/adapter,low,preserve as historical context
tests\app\fitting\test_gui_mrlfe_fixed_etaS_fit_contract.m,36,robustness,"'controls', struct('robustness', ""Fast"", 'etaS', fixedEtaS, ...",mRLFE,Fit,GUI/adapter,low,preserve as historical context
tests\app\fitting\test_gui_mrlfe_fixed_etaS_fit_contract.m,40,MaxIter,"'optimizerOptions', optimset('Display', 'off', 'MaxIter', 35, 'MaxFunEvals', 80, 'TolX', 1e-5)));",mRLFE,Fit,GUI/adapter,low,preserve as historical context
tests\app\fitting\test_gui_mrlfe_fixed_etaS_fit_contract.m,40,MaxFunEvals,"'optimizerOptions', optimset('Display', 'off', 'MaxIter', 35, 'MaxFunEvals', 80, 'TolX', 1e-5)));",mRLFE,Fit,GUI/adapter,low,preserve as historical context
tests\app\fitting\test_gui_mrlfe_fixed_etaS_fit_contract.m,40,TolX,"'optimizerOptions', optimset('Display', 'off', 'MaxIter', 35, 'MaxFunEvals', 80, 'TolX', 1e-5)));",mRLFE,Fit,GUI/adapter,low,preserve as historical context
tests\app\fitting\test_gui_mrlfe_unified_atlas_policy_contract.m,19,Fast,"options = rlDefaultOptions(""Fast"");",mRLFE,Fit,GUI/adapter,low,preserve as historical context
tests\app\fitting\test_gui_mrlfe_unified_atlas_policy_contract.m,63,Fast,"'controls', struct('robustness', ""Fast"", 'etaS', 0.05, ...",mRLFE,Fit,GUI/adapter,low,preserve as historical context
tests\app\fitting\test_gui_mrlfe_unified_atlas_policy_contract.m,105,Fast,"'controls', struct('robustness', ""Fast"", 'etaS', fitParams.etaS, ...",mRLFE,Fit,GUI/adapter,low,preserve as historical context
tests\app\fitting\test_gui_mrlfe_unified_atlas_policy_contract.m,63,robustness,"'controls', struct('robustness', ""Fast"", 'etaS', 0.05, ...",mRLFE,Fit,GUI/adapter,low,preserve as historical context
tests\app\fitting\test_gui_mrlfe_unified_atlas_policy_contract.m,105,robustness,"'controls', struct('robustness', ""Fast"", 'etaS', fitParams.etaS, ...",mRLFE,Fit,GUI/adapter,low,preserve as historical context
tests\app\fitting\test_gui_mrlfe_unified_atlas_policy_contract.m,109,MaxIter,"'optimizerOptions', optimset('Display', 'off', 'MaxIter', 2, 'MaxFunEvals', 5, 'TolX', 1e-4)));",mRLFE,Fit,GUI/adapter,low,preserve as historical context
tests\app\fitting\test_gui_mrlfe_unified_atlas_policy_contract.m,109,MaxFunEvals,"'optimizerOptions', optimset('Display', 'off', 'MaxIter', 2, 'MaxFunEvals', 5, 'TolX', 1e-4)));",mRLFE,Fit,GUI/adapter,low,preserve as historical context
tests\app\fitting\test_gui_mrlfe_unified_atlas_policy_contract.m,109,TolX,"'optimizerOptions', optimset('Display', 'off', 'MaxIter', 2, 'MaxFunEvals', 5, 'TolX', 1e-4)));",mRLFE,Fit,GUI/adapter,low,preserve as historical context
tests\app\gui\test_gui_acoustoelastic_iop_hgo_main_adapter_smoke.m,29,atlasNumYPoints,"options.atlasNumYPoints = 300;",AE,Fit,GUI/adapter,low,preserve as historical context
tests\app\gui\test_gui_acoustoelastic_iop_hgo_main_adapter_smoke.m,30,atlasTopNMinima,"options.atlasTopNMinima = 12;",AE,Fit,GUI/adapter,low,preserve as historical context
tests\app\sweeps\test_gui_acoustoelastic_iop_hgo_sweep_adapter_smoke.m,22,atlasNumYPoints,"controls.atlasNumYPoints = 180;",AE,Fit,GUI/adapter,low,preserve as historical context
tests\app\sweeps\test_gui_acoustoelastic_iop_hgo_sweep_adapter_smoke.m,23,atlasTopNMinima,"controls.atlasTopNMinima = 8;",AE,Fit,GUI/adapter,low,preserve as historical context
tests\app\sweeps\test_gui_sweep_adapters_smoke.m,21,Fast,"controls.robustness = ""Fast"";",shared,Fit,GUI/adapter,low,preserve as historical context
tests\app\sweeps\test_gui_sweep_adapters_smoke.m,66,Fast,"controls.robustness = ""Fast"";",shared,Fit,GUI/adapter,low,preserve as historical context
tests\app\sweeps\test_gui_sweep_adapters_smoke.m,21,robustness,"controls.robustness = ""Fast"";",shared,Fit,GUI/adapter,low,preserve as historical context
tests\app\sweeps\test_gui_sweep_adapters_smoke.m,66,robustness,"controls.robustness = ""Fast"";",shared,Fit,GUI/adapter,low,preserve as historical context
tests\app\sweeps\test_gui_sweep_registry_smoke.m,68,Robust,"controls.robustness = family.defaultRobustness;",shared,Fit,GUI/adapter,low,preserve as historical context
tests\app\sweeps\test_gui_sweep_registry_smoke.m,105,Robust,"'controls', struct('robustness', rlFamily.defaultRobustness), ...",shared,Fit,GUI/adapter,low,preserve as historical context
tests\app\sweeps\test_gui_sweep_registry_smoke.m,68,robustness,"controls.robustness = family.defaultRobustness;",shared,Fit,GUI/adapter,low,preserve as historical context
tests\app\sweeps\test_gui_sweep_registry_smoke.m,105,robustness,"'controls', struct('robustness', rlFamily.defaultRobustness), ...",shared,Fit,GUI/adapter,low,preserve as historical context
tests\models\acoustoelastic_iop_hgo\test_acoustoelastic_iop_hgo_atlasA0_smoke.m,23,atlasNumYPoints,"options.atlasNumYPoints = 300;",AE,Fit,test,low,preserve as historical context
tests\models\acoustoelastic_iop_hgo\test_acoustoelastic_iop_hgo_atlasA0_smoke.m,24,atlasTopNMinima,"options.atlasTopNMinima = 12;",AE,Fit,test,low,preserve as historical context
tests\models\acoustoelastic_iop_hgo\test_acoustoelastic_iop_hgo_fallback_invalidation.m,25,atlasNumYPoints,"options.atlasNumYPoints = 300;",AE,Fit,test,low,preserve as historical context
tests\models\acoustoelastic_iop_hgo\test_acoustoelastic_iop_hgo_fallback_invalidation.m,26,atlasTopNMinima,"options.atlasTopNMinima = 12;",AE,Fit,test,low,preserve as historical context
tests\models\acoustoelastic_iop_hgo\test_acoustoelastic_iop_hgo_identityA0_diagnostic_policy.m,22,atlasNumYPoints,"options.atlasNumYPoints = 500;",AE,Fit,test,low,preserve as historical context
tests\models\acoustoelastic_iop_hgo\test_acoustoelastic_iop_hgo_identityA0_diagnostic_policy.m,23,atlasTopNMinima,"options.atlasTopNMinima = 18;",AE,Fit,test,low,preserve as historical context
tests\models\acoustoelastic_iop_hgo\test_acoustoelastic_iop_hgo_internal_tracking_grid.m,26,atlasNumYPoints,"options.atlasNumYPoints = 600;",AE,Fit,test,low,preserve as historical context
tests\models\acoustoelastic_iop_hgo\test_acoustoelastic_iop_hgo_internal_tracking_grid.m,27,atlasTopNMinima,"options.atlasTopNMinima = 16;",AE,Fit,test,low,preserve as historical context
tests\models\acoustoelastic_iop_hgo\test_acoustoelastic_iop_hgo_internal_tracking_grid.m,31,atlasInitializationNumFrequencyPoints,"options.atlasInitializationNumFrequencyPoints = 50;",AE,Fit,test,low,preserve as historical context
tests\models\acoustoelastic_iop_hgo\test_ae_fit_synthetic_atlasA0.m,23,atlasNumYPoints,"solverOptions.atlasNumYPoints = 300;",AE,Fit,test,low,preserve as historical context
tests\models\acoustoelastic_iop_hgo\test_ae_fit_synthetic_atlasA0.m,24,atlasTopNMinima,"solverOptions.atlasTopNMinima = 12;",AE,Fit,test,low,preserve as historical context
tests\models\acoustoelastic_iop_hgo\test_ae_fit_synthetic_atlasA0.m,26,atlasInitializationNumFrequencyPoints,"solverOptions.atlasInitializationNumFrequencyPoints = 50;",AE,Fit,test,low,preserve as historical context
tests\models\acoustoelastic_iop_hgo\test_ae_fit_synthetic_atlasA0.m,48,MaxIter,"'optimizerOptions', optimset('Display', 'off', 'MaxIter', 10, 'MaxFunEvals', 24, 'TolX', 1e-3));",AE,Fit,test,low,preserve as historical context
tests\models\acoustoelastic_iop_hgo\test_ae_fit_synthetic_atlasA0.m,48,MaxFunEvals,"'optimizerOptions', optimset('Display', 'off', 'MaxIter', 10, 'MaxFunEvals', 24, 'TolX', 1e-3));",AE,Fit,test,low,preserve as historical context
tests\models\acoustoelastic_iop_hgo\test_ae_fit_synthetic_atlasA0.m,48,TolX,"'optimizerOptions', optimset('Display', 'off', 'MaxIter', 10, 'MaxFunEvals', 24, 'TolX', 1e-3));",AE,Fit,test,low,preserve as historical context
tests\models\mrlfe\test_mrlfe_a0_adaptive_physical_tail_contract.m,63,Fast,"rlOptions = rlDefaultOptions(""Fast"");",mRLFE,Fit,test,low,preserve as historical context
tests\models\mrlfe\test_mrlfe_a0_adaptive_physical_tail_contract.m,87,Fast,"options = rlDefaultOptions(""Fast"");",mRLFE,Fit,test,low,preserve as historical context
tests\models\mrlfe\test_mrlfe_a0_adaptive_physical_tail_contract.m,95,mrlfeAdaptiveCpScanPoints,"options.mrlfeAdaptiveCpScanPoints = 500;",mRLFE,Fit,test,low,preserve as historical context
tests\models\mrlfe\test_mrlfe_a0_delayed_direct_visco_opt_in_contract.m,15,Fast,"options = rlDefaultOptions(""Fast"");",mRLFE,Fit,test,low,preserve as historical context
tests\models\mrlfe\test_mrlfe_a0_delayed_direct_visco_opt_in_contract.m,25,mrlfeViscoAtlasCpScanPoints,"options.mrlfeViscoAtlasCpScanPoints = 120;",mRLFE,Fit,test,low,preserve as historical context
tests\models\mrlfe\test_mrlfe_a0_delayed_direct_visco_s0_guard_contract.m,15,Fast,"options = rlDefaultOptions(""Fast"");",mRLFE,Fit,test,low,preserve as historical context
tests\models\mrlfe\test_mrlfe_a0_policy_selector_contract.m,44,Fast,"rlOptions = rlDefaultOptions(""Fast"");",mRLFE,Fit,test,low,preserve as historical context
tests\models\mrlfe\test_mrlfe_a0_policy_selector_contract.m,68,Fast,"options = rlDefaultOptions(""Fast"");",mRLFE,Fit,test,low,preserve as historical context
tests\models\mrlfe\test_mrlfe_a0_policy_selector_contract.m,78,mrlfeAdaptiveCpScanPoints,"options.mrlfeAdaptiveCpScanPoints = 300;",mRLFE,Fit,test,low,preserve as historical context
tests\models\mrlfe\test_mrlfe_a0_policy_selector_contract.m,75,mrlfeViscoAtlasCpScanPoints,"options.mrlfeViscoAtlasCpScanPoints = 300;",mRLFE,Fit,test,low,preserve as historical context
tests\models\mrlfe\test_mrlfe_atlas_policy_matrix_contract.m,16,Fast,"policyOptions.robustness = ""Fast"";",mRLFE,Fit,test,low,preserve as historical context
tests\models\mrlfe\test_mrlfe_atlas_policy_matrix_contract.m,16,robustness,"policyOptions.robustness = ""Fast"";",mRLFE,Fit,test,low,preserve as historical context
tests\models\mrlfe\test_mrlfe_atlas_policy_matrix_contract.m,26,mrlfeViscoAtlasCpScanPoints,"policyOptions.mrlfeViscoAtlasCpScanPoints = 120;",mRLFE,Fit,test,low,preserve as historical context
tests\models\mrlfe\test_mrlfe_direct_visco_atlas_evaluator.m,23,mrlfeA0DPCpScanPoints,"atlasOptions.mrlfeA0DPCpScanPoints = 900;",mRLFE,Fit,test,low,preserve as historical context
tests\models\mrlfe\test_mrlfe_direct_visco_atlas_modal_cut_policy.m,20,mrlfeA0DPCpScanPoints,"options.mrlfeA0DPCpScanPoints = 900;",mRLFE,Fit,test,low,preserve as historical context
tests\models\mrlfe\test_mrlfe_direct_visco_atlas_option_alias_contract.m,24,mrlfeViscoAtlasCpScanPoints,"options.mrlfeViscoAtlasCpScanPoints = 111;",mRLFE,Fit,test,low,preserve as historical context
tests\models\mrlfe\test_mrlfe_direct_visco_atlas_option_alias_contract.m,23,mrlfeA0DPCpScanPoints,"options.mrlfeA0DPCpScanPoints = 321;",mRLFE,Fit,test,low,preserve as historical context
tests\models\mrlfe\test_mrlfe_direct_visco_atlas_option_alias_contract.m,46,mrlfeA0DPCpScanPoints,"assert(summary.cpScanPoints == options.mrlfeA0DPCpScanPoints, 'Canonical cpScanPoints should override legacy alias.');",mRLFE,Fit,test,low,preserve as historical context
tests\models\mrlfe\test_mrlfe_direct_visco_branch_policy_contract.m,18,mrlfeViscoAtlasCpScanPoints,"policy.mrlfeViscoAtlasCpScanPoints = 321;",mRLFE,Fit,test,low,preserve as historical context
tests\models\mrlfe\test_mrlfe_elastic_reference_buffer.m,16,Fast,"baseOptions = rlDefaultOptions(""Fast"");",mRLFE,Fit,test,low,preserve as historical context
tests\models\mrlfe\test_mrlfe_etaS_fit_forward_cache.m,38,MaxIter,"'optimizerOptions', optimset('Display', 'off', 'MaxIter', 35, 'MaxFunEvals', 80, 'TolX', 1e-5));",mRLFE,Fit,test,low,preserve as historical context
tests\models\mrlfe\test_mrlfe_etaS_fit_forward_cache.m,38,MaxFunEvals,"'optimizerOptions', optimset('Display', 'off', 'MaxIter', 35, 'MaxFunEvals', 80, 'TolX', 1e-5));",mRLFE,Fit,test,low,preserve as historical context
tests\models\mrlfe\test_mrlfe_etaS_fit_forward_cache.m,38,TolX,"'optimizerOptions', optimset('Display', 'off', 'MaxIter', 35, 'MaxFunEvals', 80, 'TolX', 1e-5));",mRLFE,Fit,test,low,preserve as historical context
tests\models\mrlfe\test_mrlfe_etaS_zero_diagnostic_selection.m,15,Fast,"options = rlDefaultOptions(""Fast"");",mRLFE,Fit,test,low,preserve as historical context
tests\models\mrlfe\test_mrlfe_etaS_zero_limit.m,15,Fast,"options = rlDefaultOptions(""Fast"");",mRLFE,Fit,test,low,preserve as historical context
tests\models\mrlfe\test_mrlfe_fit_fast_options_quality.m,29,Fast,"[CpFast_mps, rawFast] = mrlfeEvaluateFitModel(params, frequency_Hz, branchName, fastOptions);",mRLFE,Fit,test,low,preserve as historical context
tests\models\mrlfe\test_mrlfe_fit_fast_options_quality.m,31,Fast,"valid = isfinite(CpReference_mps(:)) & isfinite(CpFast_mps(:));",mRLFE,Fit,test,low,preserve as historical context
tests\models\mrlfe\test_mrlfe_fit_fast_options_quality.m,34,Fast,"diff_mps = CpFast_mps(:) - CpReference_mps(:);",mRLFE,Fit,test,low,preserve as historical context
tests\models\mrlfe\test_mrlfe_fit_fast_options_quality.m,39,Fast,"assert(isfield(rawFast, 'fitPerformanceDefaults'), 'Fast mRLFE fitting evaluation must report fit performance defaults.');",mRLFE,Fit,test,low,preserve as historical context
tests\models\mrlfe\test_mrlfe_fit_fast_options_quality.m,40,Fast,"assert(rawFast.fitPerformanceDefaults.useFitPerformanceDefaults == true, ...",mRLFE,Fit,test,low,preserve as historical context
tests\models\mrlfe\test_mrlfe_fit_fast_options_quality.m,42,Fast,"assert(rawFast.fitPerformanceDefaults.preset == ""fast_elastic_A0Like"", ...",mRLFE,Fit,test,low,preserve as historical context
tests\models\mrlfe\test_mrlfe_fit_fast_options_quality.m,44,Fast,"assert(rawFast.fitPerformanceDefaults.useInternalTrackingGrid == true, ...",mRLFE,Fit,test,low,preserve as historical context
tests\models\mrlfe\test_mrlfe_fit_fast_options_quality.m,46,Fast,"assert(rawFast.fitPerformanceDefaults.internalTrackingMinPoints == 10, ...",mRLFE,Fit,test,low,preserve as historical context
tests\models\mrlfe\test_mrlfe_fit_fast_options_quality.m,48,Fast,"assert(rawFast.fitPerformanceDefaults.internalTrackingPointFactor == 1, ...",mRLFE,Fit,test,low,preserve as historical context
tests\models\mrlfe\test_mrlfe_fit_fast_options_quality.m,50,Fast,"assert(rawFast.fitPerformanceDefaults.a0DpCpScanPoints == 500, ...",mRLFE,Fit,test,low,preserve as historical context
tests\models\mrlfe\test_mrlfe_fit_fast_options_quality.m,52,Fast,"assert(rmseDiff_mps < 0.05, 'Fast mRLFE fitting Cp RMSE difference is too large relative to reference.');",mRLFE,Fit,test,low,preserve as historical context
tests\models\mrlfe\test_mrlfe_fit_fast_options_quality.m,53,Fast,"assert(maxAbsDiff_mps < 0.05, 'Fast mRLFE fitting maximum Cp difference is too large relative to reference.');",mRLFE,Fit,test,low,preserve as historical context
tests\models\mrlfe\test_mrlfe_fit_fast_options_quality.m,54,Fast,"assert(maxRelDiff < 0.01, 'Fast mRLFE fitting maximum relative Cp difference is too large relative to reference.');",mRLFE,Fit,test,low,preserve as historical context
tests\models\mrlfe\test_mrlfe_fit_fast_options_quality.m,78,Fast,"fprintf('Fast preset:      trackingMinPoints=%g | pointFactor=%g | cpScanPoints=%g\n', ...",mRLFE,Fit,test,low,preserve as historical context
tests\models\mrlfe\test_mrlfe_fit_fast_options_quality.m,79,Fast,"rawFast.fitPerformanceDefaults.internalTrackingMinPoints, ...",mRLFE,Fit,test,low,preserve as historical context
tests\models\mrlfe\test_mrlfe_fit_fast_options_quality.m,80,Fast,"rawFast.fitPerformanceDefaults.internalTrackingPointFactor, ...",mRLFE,Fit,test,low,preserve as historical context
tests\models\mrlfe\test_mrlfe_fit_fast_options_quality.m,81,Fast,"rawFast.fitPerformanceDefaults.a0DpCpScanPoints);",mRLFE,Fit,test,low,preserve as historical context
tests\models\mrlfe\test_mrlfe_fit_fast_options_quality.m,23,mrlfeA0DPCpScanPoints,"referenceOptions.mrlfeA0DPCpScanPoints = 2200;",mRLFE,Fit,test,low,preserve as historical context
tests\models\mrlfe\test_mrlfe_fit_synthetic_A0Like.m,35,MaxIter,"'optimizerOptions', optimset('Display', 'off', 'MaxIter', 35, 'MaxFunEvals', 70, 'TolX', 1e-4));",mRLFE,Fit,test,low,preserve as historical context
tests\models\mrlfe\test_mrlfe_fit_synthetic_A0Like.m,35,MaxFunEvals,"'optimizerOptions', optimset('Display', 'off', 'MaxIter', 35, 'MaxFunEvals', 70, 'TolX', 1e-4));",mRLFE,Fit,test,low,preserve as historical context
tests\models\mrlfe\test_mrlfe_fit_synthetic_A0Like.m,35,TolX,"'optimizerOptions', optimset('Display', 'off', 'MaxIter', 35, 'MaxFunEvals', 70, 'TolX', 1e-4));",mRLFE,Fit,test,low,preserve as historical context
tests\models\mrlfe\test_mrlfe_internal_grid_quality_guard.m,16,Fast,"options = rlDefaultOptions(""Fast"");",mRLFE,Fit,test,low,preserve as historical context
tests\models\mrlfe\test_mrlfe_internal_tracking_grid.m,17,Fast,"options = rlDefaultOptions(""Fast"");",mRLFE,Fit,test,low,preserve as historical context
tests\models\mrlfe\test_mrlfe_internal_tracking_grid_with_buffer.m,17,Fast,"baseOptions = rlDefaultOptions(""Fast"");",mRLFE,Fit,test,low,preserve as historical context
tests\models\mrlfe\test_mrlfe_modal_atlas_ambiguity_contract.m,24,Fast,"seedOptions = rlDefaultOptions(""Fast"");",mRLFE,Fit,GUI/adapter,low,preserve as historical context
tests\models\mrlfe\test_mrlfe_modal_atlas_ambiguity_contract.m,35,Fast,"atlasOptions = rlDefaultOptions(""Fast"");",mRLFE,Fit,GUI/adapter,low,preserve as historical context
tests\models\mrlfe\test_mrlfe_modal_atlas_s0_contract.m,24,Fast,"seedOptions = rlDefaultOptions(""Fast"");",mRLFE,Fit,test,low,preserve as historical context
tests\models\mrlfe\test_mrlfe_modal_atlas_s0_contract.m,35,Fast,"atlasOptions = rlDefaultOptions(""Fast"");",mRLFE,Fit,test,low,preserve as historical context
tests\models\mrlfe\test_mrlfe_model_candidate_names.m,34,Fast,"options = rlDefaultOptions(""Fast"");",mRLFE,Fit,test,low,preserve as historical context
tests\models\mrlfe\test_mrlfe_s0_adaptive_atlas_tracker_contract.m,36,Fast,"options = rlDefaultOptions(""Fast"");",mRLFE,Fit,test,low,preserve as historical context
tests\models\mrlfe\test_mrlfe_s0_adaptive_atlas_tracker_contract.m,41,mrlfeAdaptiveCpScanPoints,"options.mrlfeAdaptiveCpScanPoints = 160;",mRLFE,Fit,test,low,preserve as historical context
tests\models\mrlfe\test_mrlfe_smoke.m,14,Fast,"options = rlDefaultOptions(""Fast"");",mRLFE,Fit,test,low,preserve as historical context
tests\models\mrlfe\test_mrlfe_tracking_quality_summary.m,15,Fast,"elasticOptions = rlDefaultOptions(""Fast"");",mRLFE,Fit,test,low,preserve as historical context
tests\models\mrlfe\test_mrlfe_tracking_strategy_comparison.m,16,Fast,"options = rlDefaultOptions(""Fast"");",mRLFE,Fit,test,low,preserve as historical context
tests\models\mrlfe\test_mrlfe_unified_atlas_mu_sweep_contract.m,53,Fast,"rlOptions = rlDefaultOptions(""Fast"");",mRLFE,Fit,test,low,preserve as historical context
tests\models\mrlfe\test_mrlfe_unified_atlas_mu_sweep_contract.m,77,Fast,"options = rlDefaultOptions(""Fast"");",mRLFE,Fit,test,low,preserve as historical context
tests\models\mrlfe\test_mrlfe_unified_atlas_mu_sweep_contract.m,86,mrlfeAdaptiveCpScanPoints,"options.mrlfeAdaptiveCpScanPoints = 180;",mRLFE,Fit,test,low,preserve as historical context
tests\models\mrlfe\test_mrlfe_unified_atlas_mu_sweep_contract.m,81,mrlfeViscoAtlasCpScanPoints,"options.mrlfeViscoAtlasCpScanPoints = 180;",mRLFE,Fit,test,low,preserve as historical context
tests\models\mrlfe\test_mrlfe_unified_atlas_route_contract.m,36,Fast,"options = rlDefaultOptions(""Fast"");",mRLFE,Fit,test,low,preserve as historical context
tests\models\mrlfe\test_mrlfe_unified_atlas_route_contract.m,45,mrlfeAdaptiveCpScanPoints,"options.mrlfeAdaptiveCpScanPoints = 120;",mRLFE,Fit,test,low,preserve as historical context
tests\models\mrlfe\test_mrlfe_unified_atlas_route_contract.m,40,mrlfeViscoAtlasCpScanPoints,"options.mrlfeViscoAtlasCpScanPoints = 120;",mRLFE,Fit,test,low,preserve as historical context
tests\models\mrlfe\test_mrlfe_viscous_default_internal_tracking_grid.m,16,Fast,"options = rlDefaultOptions(""Fast"");",mRLFE,Fit,Default,low,preserve as historical context
tests\models\rayleigh_lamb\test_rl_fit_evaluator_branch_consistency.m,14,Fast,"options = rlDefaultOptions(""Fast"");",RL,Fit,test,low,preserve as historical context
tests\models\rayleigh_lamb\test_rl_fit_synthetic_A0.m,14,Fast,"solverOptions = rlDefaultOptions(""Fast"");",RL,Fit,test,low,preserve as historical context
tests\models\rayleigh_lamb\test_rl_fit_synthetic_A0.m,35,MaxIter,"'optimizerOptions', optimset('Display', 'off', 'MaxIter', 70, 'MaxFunEvals', 180, 'TolX', 1e-5, 'TolFun', 1e-8));",RL,Fit,test,low,preserve as historical context
tests\models\rayleigh_lamb\test_rl_fit_synthetic_A0.m,35,MaxFunEvals,"'optimizerOptions', optimset('Display', 'off', 'MaxIter', 70, 'MaxFunEvals', 180, 'TolX', 1e-5, 'TolFun', 1e-8));",RL,Fit,test,low,preserve as historical context
tests\models\rayleigh_lamb\test_rl_fit_synthetic_A0.m,35,TolX,"'optimizerOptions', optimset('Display', 'off', 'MaxIter', 70, 'MaxFunEvals', 180, 'TolX', 1e-5, 'TolFun', 1e-8));",RL,Fit,test,low,preserve as historical context
tests\shared\fitting\test_fit_validation_ae_iop_hgo.m,67,Fast,"'controls', struct('robustness', ""Fast"", 'atlasNumYPoints', 300, ...",AE,Fit,test,low,preserve as historical context
tests\shared\fitting\test_fit_validation_ae_iop_hgo.m,67,robustness,"'controls', struct('robustness', ""Fast"", 'atlasNumYPoints', 300, ...",AE,Fit,test,low,preserve as historical context
tests\shared\fitting\test_fit_validation_ae_iop_hgo.m,26,atlasNumYPoints,"solverOptions.atlasNumYPoints = 300;",AE,Fit,test,low,preserve as historical context
tests\shared\fitting\test_fit_validation_ae_iop_hgo.m,67,atlasNumYPoints,"'controls', struct('robustness', ""Fast"", 'atlasNumYPoints', 300, ...",AE,Fit,test,low,preserve as historical context
tests\shared\fitting\test_fit_validation_ae_iop_hgo.m,27,atlasTopNMinima,"solverOptions.atlasTopNMinima = 12;",AE,Fit,test,low,preserve as historical context
tests\shared\fitting\test_fit_validation_ae_iop_hgo.m,68,atlasTopNMinima,"'atlasTopNMinima', 12, 'atlasInitializationNumFrequencyPoints', 50), ...",AE,Fit,test,low,preserve as historical context
tests\shared\fitting\test_fit_validation_ae_iop_hgo.m,29,atlasInitializationNumFrequencyPoints,"solverOptions.atlasInitializationNumFrequencyPoints = 50;",AE,Fit,test,low,preserve as historical context
tests\shared\fitting\test_fit_validation_ae_iop_hgo.m,68,atlasInitializationNumFrequencyPoints,"'atlasTopNMinima', 12, 'atlasInitializationNumFrequencyPoints', 50), ...",AE,Fit,test,low,preserve as historical context
tests\shared\fitting\test_fit_validation_ae_iop_hgo.m,51,MaxIter,"'optimizerOptions', optimset('Display', 'off', 'MaxIter', 10, 'MaxFunEvals', 24, 'TolX', 1e-3));",AE,Fit,test,low,preserve as historical context
tests\shared\fitting\test_fit_validation_ae_iop_hgo.m,70,MaxIter,"'optimizerOptions', optimset('Display', 'off', 'MaxIter', 10, 'MaxFunEvals', 24, 'TolX', 1e-3)));",AE,Fit,test,low,preserve as historical context
tests\shared\fitting\test_fit_validation_ae_iop_hgo.m,51,MaxFunEvals,"'optimizerOptions', optimset('Display', 'off', 'MaxIter', 10, 'MaxFunEvals', 24, 'TolX', 1e-3));",AE,Fit,test,low,preserve as historical context
tests\shared\fitting\test_fit_validation_ae_iop_hgo.m,70,MaxFunEvals,"'optimizerOptions', optimset('Display', 'off', 'MaxIter', 10, 'MaxFunEvals', 24, 'TolX', 1e-3)));",AE,Fit,test,low,preserve as historical context
tests\shared\fitting\test_fit_validation_ae_iop_hgo.m,51,TolX,"'optimizerOptions', optimset('Display', 'off', 'MaxIter', 10, 'MaxFunEvals', 24, 'TolX', 1e-3));",AE,Fit,test,low,preserve as historical context
tests\shared\fitting\test_fit_validation_ae_iop_hgo.m,70,TolX,"'optimizerOptions', optimset('Display', 'off', 'MaxIter', 10, 'MaxFunEvals', 24, 'TolX', 1e-3)));",AE,Fit,test,low,preserve as historical context
tests\shared\fitting\test_fit_validation_ae_iop_hgo_hidden_params.m,26,atlasNumYPoints,"solverOptions.atlasNumYPoints = 300;",AE,Fit,test,low,preserve as historical context
tests\shared\fitting\test_fit_validation_ae_iop_hgo_hidden_params.m,27,atlasTopNMinima,"solverOptions.atlasTopNMinima = 12;",AE,Fit,test,low,preserve as historical context
tests\shared\fitting\test_fit_validation_ae_iop_hgo_hidden_params.m,29,atlasInitializationNumFrequencyPoints,"solverOptions.atlasInitializationNumFrequencyPoints = 50;",AE,Fit,test,low,preserve as historical context
tests\shared\fitting\test_fit_validation_ae_iop_hgo_hidden_params.m,50,MaxIter,"'optimizerOptions', optimset('Display', 'off', 'MaxIter', 10, 'MaxFunEvals', 24, 'TolX', 1e-8));",AE,Fit,test,low,preserve as historical context
tests\shared\fitting\test_fit_validation_ae_iop_hgo_hidden_params.m,64,MaxIter,"'optimizerOptions', optimset('Display', 'off', 'MaxIter', 10, 'MaxFunEvals', 24, 'TolX', 1e-3));",AE,Fit,test,low,preserve as historical context
tests\shared\fitting\test_fit_validation_ae_iop_hgo_hidden_params.m,50,MaxFunEvals,"'optimizerOptions', optimset('Display', 'off', 'MaxIter', 10, 'MaxFunEvals', 24, 'TolX', 1e-8));",AE,Fit,test,low,preserve as historical context
tests\shared\fitting\test_fit_validation_ae_iop_hgo_hidden_params.m,64,MaxFunEvals,"'optimizerOptions', optimset('Display', 'off', 'MaxIter', 10, 'MaxFunEvals', 24, 'TolX', 1e-3));",AE,Fit,test,low,preserve as historical context
tests\shared\fitting\test_fit_validation_ae_iop_hgo_hidden_params.m,50,TolX,"'optimizerOptions', optimset('Display', 'off', 'MaxIter', 10, 'MaxFunEvals', 24, 'TolX', 1e-8));",AE,Fit,test,low,preserve as historical context
tests\shared\fitting\test_fit_validation_ae_iop_hgo_hidden_params.m,64,TolX,"'optimizerOptions', optimset('Display', 'off', 'MaxIter', 10, 'MaxFunEvals', 24, 'TolX', 1e-3));",AE,Fit,test,low,preserve as historical context
tests\shared\fitting\test_fit_validation_mrlfe.m,49,Fast,"'controls', struct('robustness', ""Fast"", 'etaS', 0.0, 'fluidDensity', 1000, 'fluidSoundSpeed', 1500), ...",mRLFE,Fit,test,low,preserve as historical context
tests\shared\fitting\test_fit_validation_mrlfe.m,49,robustness,"'controls', struct('robustness', ""Fast"", 'etaS', 0.0, 'fluidDensity', 1000, 'fluidSoundSpeed', 1500), ...",mRLFE,Fit,test,low,preserve as historical context
tests\shared\fitting\test_fit_validation_mrlfe.m,28,MaxIter,"'optimizerOptions', optimset('Display', 'off', 'MaxIter', 35, 'MaxFunEvals', 70, 'TolX', 1e-4));",mRLFE,Fit,test,low,preserve as historical context
tests\shared\fitting\test_fit_validation_mrlfe.m,51,MaxIter,"'optimizerOptions', optimset('Display', 'off', 'MaxIter', 35, 'MaxFunEvals', 70, 'TolX', 1e-4)));",mRLFE,Fit,test,low,preserve as historical context
tests\shared\fitting\test_fit_validation_mrlfe.m,28,MaxFunEvals,"'optimizerOptions', optimset('Display', 'off', 'MaxIter', 35, 'MaxFunEvals', 70, 'TolX', 1e-4));",mRLFE,Fit,test,low,preserve as historical context
tests\shared\fitting\test_fit_validation_mrlfe.m,51,MaxFunEvals,"'optimizerOptions', optimset('Display', 'off', 'MaxIter', 35, 'MaxFunEvals', 70, 'TolX', 1e-4)));",mRLFE,Fit,test,low,preserve as historical context
tests\shared\fitting\test_fit_validation_mrlfe.m,28,TolX,"'optimizerOptions', optimset('Display', 'off', 'MaxIter', 35, 'MaxFunEvals', 70, 'TolX', 1e-4));",mRLFE,Fit,test,low,preserve as historical context
tests\shared\fitting\test_fit_validation_mrlfe.m,51,TolX,"'optimizerOptions', optimset('Display', 'off', 'MaxIter', 35, 'MaxFunEvals', 70, 'TolX', 1e-4)));",mRLFE,Fit,test,low,preserve as historical context
tests\shared\fitting\test_fit_validation_mrlfe_hidden_params.m,35,MaxIter,"'optimizerOptions', optimset('Display', 'off', 'MaxIter', 35, 'MaxFunEvals', 80, 'TolX', 1e-7));",mRLFE,Fit,test,low,preserve as historical context
tests\shared\fitting\test_fit_validation_mrlfe_hidden_params.m,35,MaxFunEvals,"'optimizerOptions', optimset('Display', 'off', 'MaxIter', 35, 'MaxFunEvals', 80, 'TolX', 1e-7));",mRLFE,Fit,test,low,preserve as historical context
tests\shared\fitting\test_fit_validation_mrlfe_hidden_params.m,35,TolX,"'optimizerOptions', optimset('Display', 'off', 'MaxIter', 35, 'MaxFunEvals', 80, 'TolX', 1e-7));",mRLFE,Fit,test,low,preserve as historical context
tests\shared\fitting\test_fit_validation_rayleigh_lamb.m,16,Fast,"solverOptions = rlDefaultOptions(""Fast"");",RL,Fit,test,low,preserve as historical context
tests\shared\fitting\test_rl_fit_rejects_prediction_fallback.m,21,Fast,"fitConfig.solverOptions = rlDefaultOptions(""Fast"");",RL,Fit,test,low,preserve as historical context
tests\shared\regression\test_lightweight_numerical_regression.m,38,Fast,"mrlfeOptions = rlDefaultOptions(""Fast"");",shared,Fit,test,low,preserve as historical context
tests\shared\regression\test_lightweight_numerical_regression.m,77,atlasNumYPoints,"aeOptions.atlasNumYPoints = 300;",shared,Fit,test,low,preserve as historical context
tests\shared\regression\test_lightweight_numerical_regression.m,78,atlasTopNMinima,"aeOptions.atlasTopNMinima = 12;",shared,Fit,test,low,preserve as historical context
README.md,123,Fast,"* `Fast`: fewer scan points and faster calculations.",shared,API,solver/API,high,document effective behavior
README.md,124,Balanced,"* `Balanced`: default setting for routine exploration.",shared,API,solver/API,high,document effective behavior
README.md,125,Robust,"* `Robust`: more scan points and wider search windows for difficult cases.",shared,API,solver/API,high,document effective behavior
README.md,103,robustness,"## Defaults and robustness presets",shared,API,solver/API,high,document effective behavior
README.md,113,robustness,"Default numerical options and robustness presets are provided by the Rayleigh-Lamb API function:",shared,API,solver/API,high,document effective behavior
README.md,121,robustness,"Available robustness presets:",shared,API,solver/API,high,document effective behavior
docs\architecture\execution_profiles_audit.md,5,Fast,"The repository currently uses the words `Fast`, `Balanced`, `Robust`, and `robustness` for several different concepts. Rayleigh-Lamb uses them as true solver presets. AE IOP/HGO uses them mostly as atlas density presets. mRLFE uses them as a seed/default layer, but GUI and fitting routes apply additional fast atlas presets and route policies that can dominate the requested value.",shared,Fit,solver/API,low,preserve as historical context
docs\architecture\execution_profiles_audit.md,15,Fast,"| SweepTool / mRLFE | Registry default is `Fast`; adapter falls back to `Fast`, then calls the same GUI mRLFE route policy. | High: fast GUI atlas presets are intentional performance policy. |",shared,Fit,solver/API,low,preserve as historical context
docs\architecture\execution_profiles_audit.md,16,Fast,"| SweepTool / AE | Registry exposes only `Fast` and `Balanced`; GUI maps `Balanced` to 600/16 and every other value to 300/12. | Medium: `Robust` exists in `aeDefaultSweepOptions` but is not exposed by SweepTool. |",shared,Fit,solver/API,low,preserve as historical context
docs\architecture\execution_profiles_audit.md,17,Fast,"| FitTool / RL | Registry default is `Fast`; adapter maps controls to `rlDefaultOptions`. | Low. |",shared,Fit,solver/API,low,preserve as historical context
docs\architecture\execution_profiles_audit.md,18,Fast,"| FitTool / mRLFE | Registry exposes all three presets, but adapter calls `mrlfeDefaultSweepOptions`, which hard-codes `rlDefaultOptions(""Fast"")`, then applies `fast_fit_atlas`. | High: requested `Balanced`/`Robust` is not effective for solver density in the default fit route. |",shared,Fit,solver/API,low,preserve as historical context
docs\architecture\execution_profiles_audit.md,59,Fast,"Fast, Balanced, Robust, robustness, executionProfile, solverPreset,",shared,Fit,solver/API,low,preserve as historical context
docs\architecture\execution_profiles_audit.md,61,Fast,"fast_zero_viscosity_adaptive, mrlfeUseGuiFastAtlasPreset,",shared,Fit,solver/API,low,preserve as historical context
docs\architecture\execution_profiles_audit.md,80,Fast,"| `models/rayleigh_lamb/core/rlDefaultOptions.m` | `switch robustness` | RL/shared | API | `Fast` | initial grid 1200, tracking 300, `jumpTol=0.35`, mRLFE grid 220, complex max 70/150 | grids, search windows, jump tolerance, complex-k limits | Direct RL and seed paths | Default | `docs/models/rayleigh_lamb/public_api.md` | High | Preserve semantics; expose through future solver profile metadata. |",shared,Fit,solver/API,low,preserve as historical context
docs\architecture\execution_profiles_audit.md,83,Fast,"| `analysis/acoustoelastic_iop_hgo/aeDefaultSweepOptions.m` | `localAtlasPreset` | AE | API/Sweep/Fit | `Fast` | `atlasNumYPoints=300`, `atlasTopNMinima=12` | atlas resolution, candidate minima | `atlasA0` | Default | `docs/models/acoustoelastic_iop_hgo/active/fitting_workflow.md` | High | Preserve as AE atlas preset. |",shared,Fit,solver/API,low,preserve as historical context
docs\architecture\execution_profiles_audit.md,86,Fast,"| `analysis/mrlfe/mrlfeDefaultSweepOptions.m` | body | mRLFE | API/Sweep/Fit | any caller | Always starts from `rlDefaultOptions(""Fast"")` | seed grid, mRLFE real-k flags | real-k, unified atlas optional | Default/helper | `docs/models/mrlfe/fitting_workflow.md` | High | Preserve for now; future API should accept explicit internal profile. |",shared,Fit,solver/API,low,preserve as historical context
docs\architecture\execution_profiles_audit.md,87,Fast,"| `app/adapters/guiRunMRLFEModel.m` | `applyGuiAtlasPreset` | mRLFE | Main/Sweep | `mrlfeUseGuiFastAtlasPreset` | true by default; sets 260 scan points and 5 candidates for GUI routes | atlas scan points, candidates, adaptive windows | `fast_viscous`, `fast_zero_viscosity_adaptive`, elastic reference | Adapter | GUI mRLFE atlas policy doc | High | Preserve; document as route-specific performance preset. |",shared,Fit,solver/API,low,preserve as historical context
docs\architecture\execution_profiles_audit.md,90,Fast,"| `app/FitTool_GUI.m` | `buildParameterConfig` | mRLFE | Fit | `Fast/Balanced/Robust` | controls include selected value, but mRLFE adapter ignores it via `mrlfeDefaultSweepOptions` | optimizer 35/80/1e-5; atlas route true | atlas fit route | GUI | fitting architecture | High | Document silent mismatch; fix in later PR with metadata. |",shared,Fit,solver/API,low,preserve as historical context
docs\architecture\execution_profiles_audit.md,93,Fast,"| `app/sweep/guiGetSweepRegistry.m` | registry defaults | shared | Sweep | defaults | mRLFE Fast, RL Balanced, AE Fast | requested profile defaults | all sweep adapters | Registry | sweep docs | Medium | Desired policy already mostly matches except AE Robust availability. |",shared,Fit,solver/API,low,preserve as historical context
docs\architecture\execution_profiles_audit.md,94,Fast,"| `app/fitting/guiGetFitRegistry.m` | registry defaults | shared | Fit | defaults | RL/mRLFE/AE all Fast; all expose Robust | requested profile defaults | all fit adapters | Registry | fitting architecture | Medium | Keep UI visible values until metadata can explain effective values. |",shared,Fit,solver/API,low,preserve as historical context
docs\architecture\execution_profiles_audit.md,99,Fast,"1. `mrlfeDefaultSweepOptions` always uses `rlDefaultOptions(""Fast"")`, so FitTool `Balanced` or `Robust` requests do not alter the default mRLFE fit solver grid.",shared,Fit,solver/API,low,preserve as historical context
docs\architecture\execution_profiles_audit.md,100,Fast,"2. `mrlfeEvaluateAtlasFitModel` recomputes the Rayleigh-Lamb seed with `rlDefaultOptions(""Fast"")`, even if the caller's mRLFE options carry another `robustness`.",shared,Fit,solver/API,low,preserve as historical context
docs\architecture\execution_profiles_audit.md,107,Fast,"- RL `Fast/Balanced/Robust` numeric differences should be preserved exactly during migration.",shared,Fit,solver/API,low,preserve as historical context
docs\architecture\execution_profiles_audit.md,5,Balanced,"The repository currently uses the words `Fast`, `Balanced`, `Robust`, and `robustness` for several different concepts. Rayleigh-Lamb uses them as true solver presets. AE IOP/HGO uses them mostly as atlas density presets. mRLFE uses them as a seed/default layer, but GUI and fitting routes apply additional fast atlas presets and route policies that can dominate the requested value.",shared,Fit,solver/API,low,preserve as historical context
docs\architecture\execution_profiles_audit.md,11,Balanced,"| Main GUI / RL | `Balanced` by default through `rlDefaultOptions(""Balanced"")`. | Low if preserved. |",shared,Fit,solver/API,low,preserve as historical context
docs\architecture\execution_profiles_audit.md,14,Balanced,"| SweepTool / RL | Registry default is `Balanced`; adapter falls back to `Balanced`. | Low. |",shared,Fit,solver/API,low,preserve as historical context
docs\architecture\execution_profiles_audit.md,16,Balanced,"| SweepTool / AE | Registry exposes only `Fast` and `Balanced`; GUI maps `Balanced` to 600/16 and every other value to 300/12. | Medium: `Robust` exists in `aeDefaultSweepOptions` but is not exposed by SweepTool. |",shared,Fit,solver/API,low,preserve as historical context
docs\architecture\execution_profiles_audit.md,18,Balanced,"| FitTool / mRLFE | Registry exposes all three presets, but adapter calls `mrlfeDefaultSweepOptions`, which hard-codes `rlDefaultOptions(""Fast"")`, then applies `fast_fit_atlas`. | High: requested `Balanced`/`Robust` is not effective for solver density in the default fit route. |",shared,Fit,solver/API,low,preserve as historical context
docs\architecture\execution_profiles_audit.md,59,Balanced,"Fast, Balanced, Robust, robustness, executionProfile, solverPreset,",shared,Fit,solver/API,low,preserve as historical context
docs\architecture\execution_profiles_audit.md,81,Balanced,"| `models/rayleigh_lamb/core/rlDefaultOptions.m` | `switch robustness` | RL/shared | API | `Balanced` | initial grid 3000, tracking 700, `jumpTol=0.25`, mRLFE grid 450 | grids, search windows, jump tolerance | Direct RL and seed paths | Default | `README.md` | High | Preserve as main GUI default. |",shared,Fit,solver/API,low,preserve as historical context
docs\architecture\execution_profiles_audit.md,84,Balanced,"| `analysis/acoustoelastic_iop_hgo/aeDefaultSweepOptions.m` | `localAtlasPreset` | AE | API/Sweep/Fit | `Balanced` | `atlasNumYPoints=600`, `atlasTopNMinima=16` | atlas resolution, candidate minima | `atlasA0` | Default | active AE docs | High | Preserve; expose in SweepTool only if cost is acceptable. |",shared,Fit,solver/API,low,preserve as historical context
docs\architecture\execution_profiles_audit.md,90,Balanced,"| `app/FitTool_GUI.m` | `buildParameterConfig` | mRLFE | Fit | `Fast/Balanced/Robust` | controls include selected value, but mRLFE adapter ignores it via `mrlfeDefaultSweepOptions` | optimizer 35/80/1e-5; atlas route true | atlas fit route | GUI | fitting architecture | High | Document silent mismatch; fix in later PR with metadata. |",shared,Fit,solver/API,low,preserve as historical context
docs\architecture\execution_profiles_audit.md,92,Balanced,"| `app/SweepTool_GUI.m` | `buildControlsForActiveFamily` | AE | Sweep | `Balanced` or fallback | `Balanced` -> 600/16; otherwise 300/12 | atlas density | `atlasA0` | GUI | sweep tool docs | Medium | Clarify that Robust is not selectable in SweepTool AE. |",shared,Fit,solver/API,low,preserve as historical context
docs\architecture\execution_profiles_audit.md,93,Balanced,"| `app/sweep/guiGetSweepRegistry.m` | registry defaults | shared | Sweep | defaults | mRLFE Fast, RL Balanced, AE Fast | requested profile defaults | all sweep adapters | Registry | sweep docs | Medium | Desired policy already mostly matches except AE Robust availability. |",shared,Fit,solver/API,low,preserve as historical context
docs\architecture\execution_profiles_audit.md,95,Balanced,"| `app/createAdvancedTab.m` | main GUI advanced control | shared | Main | default `Balanced` | selected profile starts RL options | user-visible robustness | all main GUI adapters | GUI | README | Low | Future label should be `executionProfile`; keep alias. |",shared,Fit,solver/API,low,preserve as historical context
docs\architecture\execution_profiles_audit.md,99,Balanced,"1. `mrlfeDefaultSweepOptions` always uses `rlDefaultOptions(""Fast"")`, so FitTool `Balanced` or `Robust` requests do not alter the default mRLFE fit solver grid.",shared,Fit,solver/API,low,preserve as historical context
docs\architecture\execution_profiles_audit.md,107,Balanced,"- RL `Fast/Balanced/Robust` numeric differences should be preserved exactly during migration.",shared,Fit,solver/API,low,preserve as historical context
docs\architecture\execution_profiles_audit.md,5,Robust,"The repository currently uses the words `Fast`, `Balanced`, `Robust`, and `robustness` for several different concepts. Rayleigh-Lamb uses them as true solver presets. AE IOP/HGO uses them mostly as atlas density presets. mRLFE uses them as a seed/default layer, but GUI and fitting routes apply additional fast atlas presets and route policies that can dominate the requested value.",shared,Fit,solver/API,low,preserve as historical context
docs\architecture\execution_profiles_audit.md,16,Robust,"| SweepTool / AE | Registry exposes only `Fast` and `Balanced`; GUI maps `Balanced` to 600/16 and every other value to 300/12. | Medium: `Robust` exists in `aeDefaultSweepOptions` but is not exposed by SweepTool. |",shared,Fit,solver/API,low,preserve as historical context
docs\architecture\execution_profiles_audit.md,18,Robust,"| FitTool / mRLFE | Registry exposes all three presets, but adapter calls `mrlfeDefaultSweepOptions`, which hard-codes `rlDefaultOptions(""Fast"")`, then applies `fast_fit_atlas`. | High: requested `Balanced`/`Robust` is not effective for solver density in the default fit route. |",shared,Fit,solver/API,low,preserve as historical context
docs\architecture\execution_profiles_audit.md,19,Robust,"| FitTool / AE | Registry exposes all three presets, then GUI injects 300/12/50, overriding robustness-derived atlas density. | High: requested `Robust` can become effective 300/12/50. |",shared,Fit,solver/API,low,preserve as historical context
docs\architecture\execution_profiles_audit.md,59,Robust,"Fast, Balanced, Robust, robustness, executionProfile, solverPreset,",shared,Fit,solver/API,low,preserve as historical context
docs\architecture\execution_profiles_audit.md,82,Robust,"| `models/rayleigh_lamb/core/rlDefaultOptions.m` | `switch robustness` | RL/shared | API | `Robust` | initial grid 6000, tracking 1400, `jumpTol=0.30`, mRLFE grid 800, complex max 180/420 | grids, search windows, jump tolerance, complex-k limits | Direct RL and seed paths | Default | `README.md` | High | Preserve; do not conflate with optimizer robustness. |",shared,Fit,solver/API,low,preserve as historical context
docs\architecture\execution_profiles_audit.md,85,Robust,"| `analysis/acoustoelastic_iop_hgo/aeDefaultSweepOptions.m` | `localAtlasPreset` | AE | API/Fit | `Robust` | `atlasNumYPoints=900`, `atlasTopNMinima=20` | atlas resolution, candidate minima | `atlasA0` | Default | active AE docs | High | Preserve but keep out of default fitting until benchmarked further. |",shared,Fit,solver/API,low,preserve as historical context
docs\architecture\execution_profiles_audit.md,90,Robust,"| `app/FitTool_GUI.m` | `buildParameterConfig` | mRLFE | Fit | `Fast/Balanced/Robust` | controls include selected value, but mRLFE adapter ignores it via `mrlfeDefaultSweepOptions` | optimizer 35/80/1e-5; atlas route true | atlas fit route | GUI | fitting architecture | High | Document silent mismatch; fix in later PR with metadata. |",shared,Fit,solver/API,low,preserve as historical context
docs\architecture\execution_profiles_audit.md,92,Robust,"| `app/SweepTool_GUI.m` | `buildControlsForActiveFamily` | AE | Sweep | `Balanced` or fallback | `Balanced` -> 600/16; otherwise 300/12 | atlas density | `atlasA0` | GUI | sweep tool docs | Medium | Clarify that Robust is not selectable in SweepTool AE. |",shared,Fit,solver/API,low,preserve as historical context
docs\architecture\execution_profiles_audit.md,93,Robust,"| `app/sweep/guiGetSweepRegistry.m` | registry defaults | shared | Sweep | defaults | mRLFE Fast, RL Balanced, AE Fast | requested profile defaults | all sweep adapters | Registry | sweep docs | Medium | Desired policy already mostly matches except AE Robust availability. |",shared,Fit,solver/API,low,preserve as historical context
docs\architecture\execution_profiles_audit.md,94,Robust,"| `app/fitting/guiGetFitRegistry.m` | registry defaults | shared | Fit | defaults | RL/mRLFE/AE all Fast; all expose Robust | requested profile defaults | all fit adapters | Registry | fitting architecture | Medium | Keep UI visible values until metadata can explain effective values. |",shared,Fit,solver/API,low,preserve as historical context
docs\architecture\execution_profiles_audit.md,99,Robust,"1. `mrlfeDefaultSweepOptions` always uses `rlDefaultOptions(""Fast"")`, so FitTool `Balanced` or `Robust` requests do not alter the default mRLFE fit solver grid.",shared,Fit,solver/API,low,preserve as historical context
docs\architecture\execution_profiles_audit.md,101,Robust,"3. FitTool AE exposes `Robust`, but GUI-created requests set 300/12/50, overriding the 900/20 produced by `aeDefaultSweepOptions(""Robust"")`.",shared,Fit,solver/API,low,preserve as historical context
docs\architecture\execution_profiles_audit.md,102,Robust,"4. SweepTool AE does not expose `Robust`, although the AE API supports it.",shared,Fit,solver/API,low,preserve as historical context
docs\architecture\execution_profiles_audit.md,107,Robust,"- RL `Fast/Balanced/Robust` numeric differences should be preserved exactly during migration.",shared,Fit,solver/API,low,preserve as historical context
docs\architecture\execution_profiles_audit.md,5,robustness,"The repository currently uses the words `Fast`, `Balanced`, `Robust`, and `robustness` for several different concepts. Rayleigh-Lamb uses them as true solver presets. AE IOP/HGO uses them mostly as atlas density presets. mRLFE uses them as a seed/default layer, but GUI and fitting routes apply additional fast atlas presets and route policies that can dominate the requested value.",shared,Fit,solver/API,low,preserve as historical context
docs\architecture\execution_profiles_audit.md,12,robustness,"| Main GUI / mRLFE | Starts from selected `rlDefaultOptions`, then GUI mRLFE route applies `fast_viscous` or `fast_zero_viscosity_adaptive` unless disabled. | High: user-facing `robustness` and actual atlas density are not the same concept. |",shared,Fit,solver/API,low,preserve as historical context
docs\architecture\execution_profiles_audit.md,13,robustness,"| Main GUI / AE | Uses the selected RL `robustness` only to build AE atlas options through `guiBuildAcoustoelasticIOPHGOOptions`. | Medium: the control name is shared, but semantics are AE atlas density. |",shared,Fit,solver/API,low,preserve as historical context
docs\architecture\execution_profiles_audit.md,19,robustness,"| FitTool / AE | Registry exposes all three presets, then GUI injects 300/12/50, overriding robustness-derived atlas density. | High: requested `Robust` can become effective 300/12/50. |",shared,Fit,solver/API,low,preserve as historical context
docs\architecture\execution_profiles_audit.md,59,robustness,"Fast, Balanced, Robust, robustness, executionProfile, solverPreset,",shared,Fit,solver/API,low,preserve as historical context
docs\architecture\execution_profiles_audit.md,80,robustness,"| `models/rayleigh_lamb/core/rlDefaultOptions.m` | `switch robustness` | RL/shared | API | `Fast` | initial grid 1200, tracking 300, `jumpTol=0.35`, mRLFE grid 220, complex max 70/150 | grids, search windows, jump tolerance, complex-k limits | Direct RL and seed paths | Default | `docs/models/rayleigh_lamb/public_api.md` | High | Preserve semantics; expose through future solver profile metadata. |",shared,Fit,solver/API,low,preserve as historical context
docs\architecture\execution_profiles_audit.md,81,robustness,"| `models/rayleigh_lamb/core/rlDefaultOptions.m` | `switch robustness` | RL/shared | API | `Balanced` | initial grid 3000, tracking 700, `jumpTol=0.25`, mRLFE grid 450 | grids, search windows, jump tolerance | Direct RL and seed paths | Default | `README.md` | High | Preserve as main GUI default. |",shared,Fit,solver/API,low,preserve as historical context
docs\architecture\execution_profiles_audit.md,82,robustness,"| `models/rayleigh_lamb/core/rlDefaultOptions.m` | `switch robustness` | RL/shared | API | `Robust` | initial grid 6000, tracking 1400, `jumpTol=0.30`, mRLFE grid 800, complex max 180/420 | grids, search windows, jump tolerance, complex-k limits | Direct RL and seed paths | Default | `README.md` | High | Preserve; do not conflate with optimizer robustness. |",shared,Fit,solver/API,low,preserve as historical context
docs\architecture\execution_profiles_audit.md,91,robustness,"| `app/FitTool_GUI.m` | `buildParameterConfig` | AE | Fit | selected robustness | GUI always writes `atlasNumYPoints=300`, `atlasTopNMinima=12`, init points 50 | atlas density and init grid | `atlasA0` | GUI | AE fitting workflow | High | Preserve for first phase; later rename as fit atlas preset. |",shared,Fit,solver/API,low,preserve as historical context
docs\architecture\execution_profiles_audit.md,95,robustness,"| `app/createAdvancedTab.m` | main GUI advanced control | shared | Main | default `Balanced` | selected profile starts RL options | user-visible robustness | all main GUI adapters | GUI | README | Low | Future label should be `executionProfile`; keep alias. |",shared,Fit,solver/API,low,preserve as historical context
docs\architecture\execution_profiles_audit.md,100,robustness,"2. `mrlfeEvaluateAtlasFitModel` recomputes the Rayleigh-Lamb seed with `rlDefaultOptions(""Fast"")`, even if the caller's mRLFE options carry another `robustness`.",shared,Fit,solver/API,low,preserve as historical context
docs\architecture\execution_profiles_audit.md,103,robustness,"5. `robustness` is used for solver density, atlas density, route policy labels, and optimizer options in nearby code, but these are different axes.",shared,Fit,solver/API,low,preserve as historical context
docs\architecture\execution_profiles_audit.md,59,executionProfile,"Fast, Balanced, Robust, robustness, executionProfile, solverPreset,",shared,Fit,solver/API,low,preserve as historical context
docs\architecture\execution_profiles_audit.md,95,executionProfile,"| `app/createAdvancedTab.m` | main GUI advanced control | shared | Main | default `Balanced` | selected profile starts RL options | user-visible robustness | all main GUI adapters | GUI | README | Low | Future label should be `executionProfile`; keep alias. |",shared,Fit,solver/API,low,preserve as historical context
docs\architecture\execution_profiles_audit.md,59,solverPreset,"Fast, Balanced, Robust, robustness, executionProfile, solverPreset,",shared,Fit,solver/API,low,preserve as historical context
docs\architecture\execution_profiles_audit.md,60,atlasPreset,"atlasPreset, fitAtlasPreset, fast_fit_atlas, fast_viscous,",shared,Fit,solver/API,low,preserve as historical context
docs\architecture\execution_profiles_audit.md,60,fitAtlasPreset,"atlasPreset, fitAtlasPreset, fast_fit_atlas, fast_viscous,",shared,Fit,solver/API,low,preserve as historical context
docs\architecture\execution_profiles_audit.md,18,fast_fit_atlas,"| FitTool / mRLFE | Registry exposes all three presets, but adapter calls `mrlfeDefaultSweepOptions`, which hard-codes `rlDefaultOptions(""Fast"")`, then applies `fast_fit_atlas`. | High: requested `Balanced`/`Robust` is not effective for solver density in the default fit route. |",shared,Fit,solver/API,low,preserve as historical context
docs\architecture\execution_profiles_audit.md,60,fast_fit_atlas,"atlasPreset, fitAtlasPreset, fast_fit_atlas, fast_viscous,",shared,Fit,solver/API,low,preserve as historical context
docs\architecture\execution_profiles_audit.md,88,fast_fit_atlas,"| `analysis/mrlfe/mrlfeEvaluateAtlasFitModel.m` | `localApplyFitAtlasPreset` | mRLFE | Fit/API | `fast_fit_atlas` | true by default; Cp scan points 260 and candidates 5 | fit atlas scan/candidate density | atlas fit route | Evaluator | mRLFE fitting workflow | High | Preserve; separate from user execution profile. |",shared,Fit,solver/API,low,preserve as historical context
docs\architecture\execution_profiles_audit.md,109,fast_fit_atlas,"- mRLFE `fast_fit_atlas` is the maintained FitTool default route; legacy direct-viscous paths are opt-in diagnostics.",shared,Fit,solver/API,low,preserve as historical context
docs\architecture\execution_profiles_audit.md,117,fast_fit_atlas,"- mRLFE has route-policy names (`adaptivePhysicalTail`, `delayedCut`) adjacent to performance names (`fast_fit_atlas`) in the same option struct.",shared,Fit,solver/API,low,preserve as historical context
docs\architecture\execution_profiles_audit.md,12,fast_viscous,"| Main GUI / mRLFE | Starts from selected `rlDefaultOptions`, then GUI mRLFE route applies `fast_viscous` or `fast_zero_viscosity_adaptive` unless disabled. | High: user-facing `robustness` and actual atlas density are not the same concept. |",shared,Fit,solver/API,low,preserve as historical context
docs\architecture\execution_profiles_audit.md,60,fast_viscous,"atlasPreset, fitAtlasPreset, fast_fit_atlas, fast_viscous,",shared,Fit,solver/API,low,preserve as historical context
docs\architecture\execution_profiles_audit.md,87,fast_viscous,"| `app/adapters/guiRunMRLFEModel.m` | `applyGuiAtlasPreset` | mRLFE | Main/Sweep | `mrlfeUseGuiFastAtlasPreset` | true by default; sets 260 scan points and 5 candidates for GUI routes | atlas scan points, candidates, adaptive windows | `fast_viscous`, `fast_zero_viscosity_adaptive`, elastic reference | Adapter | GUI mRLFE atlas policy doc | High | Preserve; document as route-specific performance preset. |",shared,Fit,solver/API,low,preserve as historical context
docs\architecture\execution_profiles_audit.md,12,fast_zero_viscosity_adaptive,"| Main GUI / mRLFE | Starts from selected `rlDefaultOptions`, then GUI mRLFE route applies `fast_viscous` or `fast_zero_viscosity_adaptive` unless disabled. | High: user-facing `robustness` and actual atlas density are not the same concept. |",shared,Fit,solver/API,low,preserve as historical context
docs\architecture\execution_profiles_audit.md,61,fast_zero_viscosity_adaptive,"fast_zero_viscosity_adaptive, mrlfeUseGuiFastAtlasPreset,",shared,Fit,solver/API,low,preserve as historical context
docs\architecture\execution_profiles_audit.md,87,fast_zero_viscosity_adaptive,"| `app/adapters/guiRunMRLFEModel.m` | `applyGuiAtlasPreset` | mRLFE | Main/Sweep | `mrlfeUseGuiFastAtlasPreset` | true by default; sets 260 scan points and 5 candidates for GUI routes | atlas scan points, candidates, adaptive windows | `fast_viscous`, `fast_zero_viscosity_adaptive`, elastic reference | Adapter | GUI mRLFE atlas policy doc | High | Preserve; document as route-specific performance preset. |",shared,Fit,solver/API,low,preserve as historical context
docs\architecture\execution_profiles_audit.md,61,mrlfeUseGuiFastAtlasPreset,"fast_zero_viscosity_adaptive, mrlfeUseGuiFastAtlasPreset,",shared,Fit,solver/API,low,preserve as historical context
docs\architecture\execution_profiles_audit.md,87,mrlfeUseGuiFastAtlasPreset,"| `app/adapters/guiRunMRLFEModel.m` | `applyGuiAtlasPreset` | mRLFE | Main/Sweep | `mrlfeUseGuiFastAtlasPreset` | true by default; sets 260 scan points and 5 candidates for GUI routes | atlas scan points, candidates, adaptive windows | `fast_viscous`, `fast_zero_viscosity_adaptive`, elastic reference | Adapter | GUI mRLFE atlas policy doc | High | Preserve; document as route-specific performance preset. |",shared,Fit,solver/API,low,preserve as historical context
docs\architecture\execution_profiles_audit.md,62,mrlfeUseFitAtlasPreset,"mrlfeUseFitAtlasPreset, atlasNumYPoints, atlasTopNMinima,",shared,Fit,solver/API,low,preserve as historical context
docs\architecture\execution_profiles_audit.md,62,atlasNumYPoints,"mrlfeUseFitAtlasPreset, atlasNumYPoints, atlasTopNMinima,",shared,Fit,solver/API,low,preserve as historical context
docs\architecture\execution_profiles_audit.md,83,atlasNumYPoints,"| `analysis/acoustoelastic_iop_hgo/aeDefaultSweepOptions.m` | `localAtlasPreset` | AE | API/Sweep/Fit | `Fast` | `atlasNumYPoints=300`, `atlasTopNMinima=12` | atlas resolution, candidate minima | `atlasA0` | Default | `docs/models/acoustoelastic_iop_hgo/active/fitting_workflow.md` | High | Preserve as AE atlas preset. |",shared,Fit,solver/API,low,preserve as historical context
docs\architecture\execution_profiles_audit.md,84,atlasNumYPoints,"| `analysis/acoustoelastic_iop_hgo/aeDefaultSweepOptions.m` | `localAtlasPreset` | AE | API/Sweep/Fit | `Balanced` | `atlasNumYPoints=600`, `atlasTopNMinima=16` | atlas resolution, candidate minima | `atlasA0` | Default | active AE docs | High | Preserve; expose in SweepTool only if cost is acceptable. |",shared,Fit,solver/API,low,preserve as historical context
docs\architecture\execution_profiles_audit.md,85,atlasNumYPoints,"| `analysis/acoustoelastic_iop_hgo/aeDefaultSweepOptions.m` | `localAtlasPreset` | AE | API/Fit | `Robust` | `atlasNumYPoints=900`, `atlasTopNMinima=20` | atlas resolution, candidate minima | `atlasA0` | Default | active AE docs | High | Preserve but keep out of default fitting until benchmarked further. |",shared,Fit,solver/API,low,preserve as historical context
docs\architecture\execution_profiles_audit.md,91,atlasNumYPoints,"| `app/FitTool_GUI.m` | `buildParameterConfig` | AE | Fit | selected robustness | GUI always writes `atlasNumYPoints=300`, `atlasTopNMinima=12`, init points 50 | atlas density and init grid | `atlasA0` | GUI | AE fitting workflow | High | Preserve for first phase; later rename as fit atlas preset. |",shared,Fit,solver/API,low,preserve as historical context
docs\architecture\execution_profiles_audit.md,62,atlasTopNMinima,"mrlfeUseFitAtlasPreset, atlasNumYPoints, atlasTopNMinima,",shared,Fit,solver/API,low,preserve as historical context
docs\architecture\execution_profiles_audit.md,83,atlasTopNMinima,"| `analysis/acoustoelastic_iop_hgo/aeDefaultSweepOptions.m` | `localAtlasPreset` | AE | API/Sweep/Fit | `Fast` | `atlasNumYPoints=300`, `atlasTopNMinima=12` | atlas resolution, candidate minima | `atlasA0` | Default | `docs/models/acoustoelastic_iop_hgo/active/fitting_workflow.md` | High | Preserve as AE atlas preset. |",shared,Fit,solver/API,low,preserve as historical context
docs\architecture\execution_profiles_audit.md,84,atlasTopNMinima,"| `analysis/acoustoelastic_iop_hgo/aeDefaultSweepOptions.m` | `localAtlasPreset` | AE | API/Sweep/Fit | `Balanced` | `atlasNumYPoints=600`, `atlasTopNMinima=16` | atlas resolution, candidate minima | `atlasA0` | Default | active AE docs | High | Preserve; expose in SweepTool only if cost is acceptable. |",shared,Fit,solver/API,low,preserve as historical context
docs\architecture\execution_profiles_audit.md,85,atlasTopNMinima,"| `analysis/acoustoelastic_iop_hgo/aeDefaultSweepOptions.m` | `localAtlasPreset` | AE | API/Fit | `Robust` | `atlasNumYPoints=900`, `atlasTopNMinima=20` | atlas resolution, candidate minima | `atlasA0` | Default | active AE docs | High | Preserve but keep out of default fitting until benchmarked further. |",shared,Fit,solver/API,low,preserve as historical context
docs\architecture\execution_profiles_audit.md,91,atlasTopNMinima,"| `app/FitTool_GUI.m` | `buildParameterConfig` | AE | Fit | selected robustness | GUI always writes `atlasNumYPoints=300`, `atlasTopNMinima=12`, init points 50 | atlas density and init grid | `atlasA0` | GUI | AE fitting workflow | High | Preserve for first phase; later rename as fit atlas preset. |",shared,Fit,solver/API,low,preserve as historical context
docs\architecture\execution_profiles_audit.md,63,atlasInitializationNumFrequencyPoints,"atlasInitializationNumFrequencyPoints, mrlfeFitAtlasCpScanPoints,",shared,Fit,solver/API,low,preserve as historical context
docs\architecture\execution_profiles_audit.md,63,mrlfeFitAtlasCpScanPoints,"atlasInitializationNumFrequencyPoints, mrlfeFitAtlasCpScanPoints,",shared,Fit,solver/API,low,preserve as historical context
docs\architecture\execution_profiles_audit.md,64,mrlfeAdaptiveCpScanPoints,"mrlfeAdaptiveCpScanPoints, mrlfeViscoAtlasCpScanPoints,",shared,Fit,solver/API,low,preserve as historical context
docs\architecture\execution_profiles_audit.md,64,mrlfeViscoAtlasCpScanPoints,"mrlfeAdaptiveCpScanPoints, mrlfeViscoAtlasCpScanPoints,",shared,Fit,solver/API,low,preserve as historical context
docs\architecture\execution_profiles_audit.md,65,mrlfeA0DPCpScanPoints,"mrlfeA0DPCpScanPoints, MaxIter, MaxFunEvals, TolX",shared,Fit,solver/API,low,preserve as historical context
docs\architecture\execution_profiles_audit.md,65,MaxIter,"mrlfeA0DPCpScanPoints, MaxIter, MaxFunEvals, TolX",shared,Fit,solver/API,low,preserve as historical context
docs\architecture\execution_profiles_audit.md,65,MaxFunEvals,"mrlfeA0DPCpScanPoints, MaxIter, MaxFunEvals, TolX",shared,Fit,solver/API,low,preserve as historical context
docs\architecture\execution_profiles_audit.md,65,TolX,"mrlfeA0DPCpScanPoints, MaxIter, MaxFunEvals, TolX",shared,Fit,solver/API,low,preserve as historical context
docs\architecture\execution_profiles_benchmark.md,24,Fast,"| Rayleigh-Lamb | A0, S0, 1-12 kHz | Fast, Balanced, Robust | elapsed time, valid fraction, max jump, Cp difference vs Robust |",shared,Fit,solver/API,low,preserve as historical context
docs\architecture\execution_profiles_benchmark.md,26,Fast,"| AE IOP/HGO | atlasA0, PR #98 physical defaults | Fast, Balanced, Robust | elapsed time, valid fraction, max jump, Cp difference vs Robust, atlas density |",shared,Fit,solver/API,low,preserve as historical context
docs\architecture\execution_profiles_benchmark.md,27,Fast,"| Fitting | one short RL, mRLFE, AE fit | Fast defaults | elapsed fit time and RMSE summary |",shared,Fit,solver/API,low,preserve as historical context
docs\architecture\execution_profiles_benchmark.md,34,Fast,"- AE Robust is expected to cost more than Fast because atlas Y resolution and retained minima increase.",shared,Fit,solver/API,low,preserve as historical context
docs\architecture\execution_profiles_benchmark.md,40,Fast,"1. RL `Robust` should be slower than `Fast` because `gridPointsInitial` and `gridPointsTracking` are much larger.",shared,Fit,solver/API,low,preserve as historical context
docs\architecture\execution_profiles_benchmark.md,43,Fast,"4. AE `Fast/Balanced/Robust` should report 300/12, 600/16, and 900/20 when called through `aeDefaultSweepOptions`.",shared,Fit,solver/API,low,preserve as historical context
docs\architecture\execution_profiles_benchmark.md,60,Fast,"| SweepTool -> Fast | Viable for speed, lower quality than Balanced. | Viable and already current default; preserves deliberate fast GUI route. | Viable and already current default. |",shared,Fit,solver/API,low,preserve as historical context
docs\architecture\execution_profiles_benchmark.md,61,Fast,"| FitTool -> Fast | Viable and current. | Required for practical fitting unless a model-specific profile is introduced. | Viable and current via explicit 300/12/50 override. |",shared,Fit,solver/API,low,preserve as historical context
docs\architecture\execution_profiles_benchmark.md,24,Balanced,"| Rayleigh-Lamb | A0, S0, 1-12 kHz | Fast, Balanced, Robust | elapsed time, valid fraction, max jump, Cp difference vs Robust |",shared,Fit,solver/API,low,preserve as historical context
docs\architecture\execution_profiles_benchmark.md,26,Balanced,"| AE IOP/HGO | atlasA0, PR #98 physical defaults | Fast, Balanced, Robust | elapsed time, valid fraction, max jump, Cp difference vs Robust, atlas density |",shared,Fit,solver/API,low,preserve as historical context
docs\architecture\execution_profiles_benchmark.md,43,Balanced,"4. AE `Fast/Balanced/Robust` should report 300/12, 600/16, and 900/20 when called through `aeDefaultSweepOptions`.",shared,Fit,solver/API,low,preserve as historical context
docs\architecture\execution_profiles_benchmark.md,59,Balanced,"| Main GUI -> Balanced | Viable | Viable with warning: GUI fast atlas route still dominates atlas density. | Viable with warning: Balanced means 600/16 atlas cost. |",shared,Fit,solver/API,low,preserve as historical context
docs\architecture\execution_profiles_benchmark.md,60,Balanced,"| SweepTool -> Fast | Viable for speed, lower quality than Balanced. | Viable and already current default; preserves deliberate fast GUI route. | Viable and already current default. |",shared,Fit,solver/API,low,preserve as historical context
docs\architecture\execution_profiles_benchmark.md,24,Robust,"| Rayleigh-Lamb | A0, S0, 1-12 kHz | Fast, Balanced, Robust | elapsed time, valid fraction, max jump, Cp difference vs Robust |",shared,Fit,solver/API,low,preserve as historical context
docs\architecture\execution_profiles_benchmark.md,26,Robust,"| AE IOP/HGO | atlasA0, PR #98 physical defaults | Fast, Balanced, Robust | elapsed time, valid fraction, max jump, Cp difference vs Robust, atlas density |",shared,Fit,solver/API,low,preserve as historical context
docs\architecture\execution_profiles_benchmark.md,34,Robust,"- AE Robust is expected to cost more than Fast because atlas Y resolution and retained minima increase.",shared,Fit,solver/API,low,preserve as historical context
docs\architecture\execution_profiles_benchmark.md,40,Robust,"1. RL `Robust` should be slower than `Fast` because `gridPointsInitial` and `gridPointsTracking` are much larger.",shared,Fit,solver/API,low,preserve as historical context
docs\architecture\execution_profiles_benchmark.md,43,Robust,"4. AE `Fast/Balanced/Robust` should report 300/12, 600/16, and 900/20 when called through `aeDefaultSweepOptions`.",shared,Fit,solver/API,low,preserve as historical context
docs\architecture\execution_profiles_benchmark.md,33,robustness,"- mRLFE results should be interpreted by effective route and atlas preset, not only by requested `robustness`.",shared,Fit,solver/API,low,preserve as historical context
docs\architecture\execution_profiles_benchmark.md,41,fast_fit_atlas,"2. mRLFE Fit should report `fast_fit_atlas` even when a caller conceptually asks for the fit workflow, because the maintained atlas fit route applies that preset.",shared,Fit,solver/API,low,preserve as historical context
docs\architecture\execution_profiles_dependency_map.md,41,Fast,"- `applyGuiAtlasPreset` defaults `mrlfeUseGuiFastAtlasPreset=true`.",shared,Fit,solver/API,low,preserve as historical context
docs\architecture\execution_profiles_dependency_map.md,87,Fast,"-> guiGetSweepRegistry (default Robustness = Fast)",shared,Fit,solver/API,low,preserve as historical context
docs\architecture\execution_profiles_dependency_map.md,109,Fast,"-> guiGetSweepRegistry (default Robustness = Fast; presets Fast/Balanced)",shared,Fit,solver/API,low,preserve as historical context
docs\architecture\execution_profiles_dependency_map.md,145,Fast,"-> guiGetFitRegistry (default Robustness = Fast)",shared,Fit,solver/API,low,preserve as historical context
docs\architecture\execution_profiles_dependency_map.md,157,Fast,"- Adapter falls back to `Fast` if missing.",shared,Fit,solver/API,low,preserve as historical context
docs\architecture\execution_profiles_dependency_map.md,164,Fast,"-> guiGetFitRegistry (default Robustness = Fast; exposes Fast/Balanced/Robust)",shared,Fit,solver/API,low,preserve as historical context
docs\architecture\execution_profiles_dependency_map.md,182,Fast,"- `mrlfeDefaultSweepOptions` hard-codes `rlDefaultOptions(""Fast"")`.",shared,Fit,solver/API,low,preserve as historical context
docs\architecture\execution_profiles_dependency_map.md,191,Fast,"-> guiGetFitRegistry (default Robustness = Fast; exposes Fast/Balanced/Robust)",shared,Fit,solver/API,low,preserve as historical context
docs\architecture\execution_profiles_dependency_map.md,215,Fast,"| RL A0/S0 | Main | Fast/Balanced/Robust | same | RL grid/search per `rlDefaultOptions` | direct | none | branch flags | no | raw options in GUI diagnostics | no |",shared,Fit,solver/API,low,preserve as historical context
docs\architecture\execution_profiles_dependency_map.md,216,Fast,"| RL A0/S0 | Sweep | Fast/Balanced/Robust | same | RL grid/search per `rlDefaultOptions` | direct | none | branch name | no | request/rawResults | no |",shared,Fit,solver/API,low,preserve as historical context
docs\architecture\execution_profiles_dependency_map.md,217,Fast,"| RL A0/S0 | Fit | Fast/Balanced/Robust | same | RL grid/search per `rlDefaultOptions`; optimizer separate | fit evaluator | none | branch name | prediction fallback rejected by tests | normalized fit result | no |",shared,Fit,solver/API,low,preserve as historical context
docs\architecture\execution_profiles_dependency_map.md,218,Fast,"| RL A0/S0 | API | Fast/Balanced/Robust | same | direct `rlDefaultOptions` | direct | none | caller flags | no | raw result | no |",shared,Fit,solver/API,low,preserve as historical context
docs\architecture\execution_profiles_dependency_map.md,223,Fast,"| mRLFE A0Like/S0Like | Sweep | Fast/Balanced/Robust | requested RL seed plus GUI fast atlas | same as Main GUI route | GUI adapter sweep | GUI fast presets | A0 policy from SweepTool | zero-eta fallback possible | `guiResults` metadata | yes |",shared,Fit,solver/API,low,preserve as historical context
docs\architecture\execution_profiles_dependency_map.md,224,Fast,"| mRLFE A0Like etaS=0 | Fit | Fast/Balanced/Robust | Fast | `mrlfeDefaultSweepOptions` Fast; `fast_fit_atlas` 260 | zero-viscosity adaptive atlas fit | `fast_fit_atlas` | `adaptivePhysicalTail` | no production fallback, interpolation may drop invalids | `evaluationPath`, `fitPerformanceDefaults` | yes |",shared,Fit,solver/API,low,preserve as historical context
docs\architecture\execution_profiles_dependency_map.md,225,Fast,"| mRLFE A0Like etaS>0 | Fit | Fast/Balanced/Robust | Fast | `mrlfeDefaultSweepOptions` Fast; `fast_fit_atlas` 260 | viscous unified atlas | `fast_fit_atlas` | `adaptivePhysicalTail` | no | routePolicy/evaluationPath | yes |",shared,Fit,solver/API,low,preserve as historical context
docs\architecture\execution_profiles_dependency_map.md,226,Fast,"| mRLFE S0Like etaS=0 | Fit | Fast/Balanced/Robust | Fast | `fast_fit_atlas` 260 | zero-viscosity adaptive atlas fit | `fast_fit_atlas` | S0 adaptive continuation | no | routePolicy/evaluationPath | yes |",shared,Fit,solver/API,low,preserve as historical context
docs\architecture\execution_profiles_dependency_map.md,227,Fast,"| mRLFE S0Like etaS>0 | Fit | Fast/Balanced/Robust | Fast | `fast_fit_atlas` 260 | viscous unified atlas | `fast_fit_atlas` | S0 unified atlas | no | routePolicy/evaluationPath | yes |",shared,Fit,solver/API,low,preserve as historical context
docs\architecture\execution_profiles_dependency_map.md,228,Fast,"| AE atlasA0 | Main | Fast/Balanced/Robust | AE atlas density from selected profile | 300/12, 600/16, or 900/20 | atlasA0 | AE default sweep option | atlasA0 | solver-specific invalid masks | raw/metadata | semantic mismatch only |",shared,Fit,solver/API,low,preserve as historical context
docs\architecture\execution_profiles_dependency_map.md,229,Fast,"| AE atlasA0 | Sweep | Fast/Balanced | same for exposed values | Fast 300/12; Balanced 600/16 | atlasA0 sweep | controls | atlasA0 | invalid masks | sweep summary | Robust unavailable |",shared,Fit,solver/API,low,preserve as historical context
docs\architecture\execution_profiles_dependency_map.md,230,Fast,"| AE atlasA0 | Fit | Fast/Balanced/Robust | usually 300/12/50 from GUI | `atlasInitializationNumFrequencyPoints=50`; optimizer 10/24 | atlasA0 fit | Fit GUI controls | atlasA0 | invalid masks | normalized fit result | yes |",shared,Fit,solver/API,low,preserve as historical context
docs\architecture\execution_profiles_dependency_map.md,231,Fast,"| AE atlasA0 | API | Fast/Balanced/Robust | same | `aeDefaultSweepOptions` 300/12, 600/16, 900/20 | atlasA0 | AE default sweep option | atlasA0 | invalid masks | raw result | no |",shared,Fit,solver/API,low,preserve as historical context
docs\architecture\execution_profiles_dependency_map.md,9,Balanced,"-> createAdvancedTab (default robustness = Balanced)",shared,Fit,solver/API,low,preserve as historical context
docs\architecture\execution_profiles_dependency_map.md,26,Balanced,"-> createAdvancedTab (default robustness = Balanced)",shared,Fit,solver/API,low,preserve as historical context
docs\architecture\execution_profiles_dependency_map.md,49,Balanced,"-> createAdvancedTab (default robustness = Balanced)",shared,Fit,solver/API,low,preserve as historical context
docs\architecture\execution_profiles_dependency_map.md,68,Balanced,"-> guiGetSweepRegistry (default Robustness = Balanced)",shared,Fit,solver/API,low,preserve as historical context
docs\architecture\execution_profiles_dependency_map.md,80,Balanced,"- Adapter falls back to `Balanced` if controls omit robustness.",shared,Fit,solver/API,low,preserve as historical context
docs\architecture\execution_profiles_dependency_map.md,109,Balanced,"-> guiGetSweepRegistry (default Robustness = Fast; presets Fast/Balanced)",shared,Fit,solver/API,low,preserve as historical context
docs\architecture\execution_profiles_dependency_map.md,111,Balanced,"-> controls.atlasNumYPoints = 600 if Balanced else 300",shared,Fit,solver/API,low,preserve as historical context
docs\architecture\execution_profiles_dependency_map.md,112,Balanced,"-> controls.atlasTopNMinima = 16 if Balanced else 12",shared,Fit,solver/API,low,preserve as historical context
docs\architecture\execution_profiles_dependency_map.md,164,Balanced,"-> guiGetFitRegistry (default Robustness = Fast; exposes Fast/Balanced/Robust)",shared,Fit,solver/API,low,preserve as historical context
docs\architecture\execution_profiles_dependency_map.md,191,Balanced,"-> guiGetFitRegistry (default Robustness = Fast; exposes Fast/Balanced/Robust)",shared,Fit,solver/API,low,preserve as historical context
docs\architecture\execution_profiles_dependency_map.md,215,Balanced,"| RL A0/S0 | Main | Fast/Balanced/Robust | same | RL grid/search per `rlDefaultOptions` | direct | none | branch flags | no | raw options in GUI diagnostics | no |",shared,Fit,solver/API,low,preserve as historical context
docs\architecture\execution_profiles_dependency_map.md,216,Balanced,"| RL A0/S0 | Sweep | Fast/Balanced/Robust | same | RL grid/search per `rlDefaultOptions` | direct | none | branch name | no | request/rawResults | no |",shared,Fit,solver/API,low,preserve as historical context
docs\architecture\execution_profiles_dependency_map.md,217,Balanced,"| RL A0/S0 | Fit | Fast/Balanced/Robust | same | RL grid/search per `rlDefaultOptions`; optimizer separate | fit evaluator | none | branch name | prediction fallback rejected by tests | normalized fit result | no |",shared,Fit,solver/API,low,preserve as historical context
docs\architecture\execution_profiles_dependency_map.md,218,Balanced,"| RL A0/S0 | API | Fast/Balanced/Robust | same | direct `rlDefaultOptions` | direct | none | caller flags | no | raw result | no |",shared,Fit,solver/API,low,preserve as historical context
docs\architecture\execution_profiles_dependency_map.md,223,Balanced,"| mRLFE A0Like/S0Like | Sweep | Fast/Balanced/Robust | requested RL seed plus GUI fast atlas | same as Main GUI route | GUI adapter sweep | GUI fast presets | A0 policy from SweepTool | zero-eta fallback possible | `guiResults` metadata | yes |",shared,Fit,solver/API,low,preserve as historical context
docs\architecture\execution_profiles_dependency_map.md,224,Balanced,"| mRLFE A0Like etaS=0 | Fit | Fast/Balanced/Robust | Fast | `mrlfeDefaultSweepOptions` Fast; `fast_fit_atlas` 260 | zero-viscosity adaptive atlas fit | `fast_fit_atlas` | `adaptivePhysicalTail` | no production fallback, interpolation may drop invalids | `evaluationPath`, `fitPerformanceDefaults` | yes |",shared,Fit,solver/API,low,preserve as historical context
docs\architecture\execution_profiles_dependency_map.md,225,Balanced,"| mRLFE A0Like etaS>0 | Fit | Fast/Balanced/Robust | Fast | `mrlfeDefaultSweepOptions` Fast; `fast_fit_atlas` 260 | viscous unified atlas | `fast_fit_atlas` | `adaptivePhysicalTail` | no | routePolicy/evaluationPath | yes |",shared,Fit,solver/API,low,preserve as historical context
docs\architecture\execution_profiles_dependency_map.md,226,Balanced,"| mRLFE S0Like etaS=0 | Fit | Fast/Balanced/Robust | Fast | `fast_fit_atlas` 260 | zero-viscosity adaptive atlas fit | `fast_fit_atlas` | S0 adaptive continuation | no | routePolicy/evaluationPath | yes |",shared,Fit,solver/API,low,preserve as historical context
docs\architecture\execution_profiles_dependency_map.md,227,Balanced,"| mRLFE S0Like etaS>0 | Fit | Fast/Balanced/Robust | Fast | `fast_fit_atlas` 260 | viscous unified atlas | `fast_fit_atlas` | S0 unified atlas | no | routePolicy/evaluationPath | yes |",shared,Fit,solver/API,low,preserve as historical context
docs\architecture\execution_profiles_dependency_map.md,228,Balanced,"| AE atlasA0 | Main | Fast/Balanced/Robust | AE atlas density from selected profile | 300/12, 600/16, or 900/20 | atlasA0 | AE default sweep option | atlasA0 | solver-specific invalid masks | raw/metadata | semantic mismatch only |",shared,Fit,solver/API,low,preserve as historical context
docs\architecture\execution_profiles_dependency_map.md,229,Balanced,"| AE atlasA0 | Sweep | Fast/Balanced | same for exposed values | Fast 300/12; Balanced 600/16 | atlasA0 sweep | controls | atlasA0 | invalid masks | sweep summary | Robust unavailable |",shared,Fit,solver/API,low,preserve as historical context
docs\architecture\execution_profiles_dependency_map.md,230,Balanced,"| AE atlasA0 | Fit | Fast/Balanced/Robust | usually 300/12/50 from GUI | `atlasInitializationNumFrequencyPoints=50`; optimizer 10/24 | atlasA0 fit | Fit GUI controls | atlasA0 | invalid masks | normalized fit result | yes |",shared,Fit,solver/API,low,preserve as historical context
docs\architecture\execution_profiles_dependency_map.md,231,Balanced,"| AE atlasA0 | API | Fast/Balanced/Robust | same | `aeDefaultSweepOptions` 300/12, 600/16, 900/20 | atlasA0 | AE default sweep option | atlasA0 | invalid masks | raw result | no |",shared,Fit,solver/API,low,preserve as historical context
docs\architecture\execution_profiles_dependency_map.md,68,Robust,"-> guiGetSweepRegistry (default Robustness = Balanced)",shared,Fit,solver/API,low,preserve as historical context
docs\architecture\execution_profiles_dependency_map.md,87,Robust,"-> guiGetSweepRegistry (default Robustness = Fast)",shared,Fit,solver/API,low,preserve as historical context
docs\architecture\execution_profiles_dependency_map.md,109,Robust,"-> guiGetSweepRegistry (default Robustness = Fast; presets Fast/Balanced)",shared,Fit,solver/API,low,preserve as historical context
docs\architecture\execution_profiles_dependency_map.md,145,Robust,"-> guiGetFitRegistry (default Robustness = Fast)",shared,Fit,solver/API,low,preserve as historical context
docs\architecture\execution_profiles_dependency_map.md,164,Robust,"-> guiGetFitRegistry (default Robustness = Fast; exposes Fast/Balanced/Robust)",shared,Fit,solver/API,low,preserve as historical context
docs\architecture\execution_profiles_dependency_map.md,191,Robust,"-> guiGetFitRegistry (default Robustness = Fast; exposes Fast/Balanced/Robust)",shared,Fit,solver/API,low,preserve as historical context
docs\architecture\execution_profiles_dependency_map.md,215,Robust,"| RL A0/S0 | Main | Fast/Balanced/Robust | same | RL grid/search per `rlDefaultOptions` | direct | none | branch flags | no | raw options in GUI diagnostics | no |",shared,Fit,solver/API,low,preserve as historical context
docs\architecture\execution_profiles_dependency_map.md,216,Robust,"| RL A0/S0 | Sweep | Fast/Balanced/Robust | same | RL grid/search per `rlDefaultOptions` | direct | none | branch name | no | request/rawResults | no |",shared,Fit,solver/API,low,preserve as historical context
docs\architecture\execution_profiles_dependency_map.md,217,Robust,"| RL A0/S0 | Fit | Fast/Balanced/Robust | same | RL grid/search per `rlDefaultOptions`; optimizer separate | fit evaluator | none | branch name | prediction fallback rejected by tests | normalized fit result | no |",shared,Fit,solver/API,low,preserve as historical context
docs\architecture\execution_profiles_dependency_map.md,218,Robust,"| RL A0/S0 | API | Fast/Balanced/Robust | same | direct `rlDefaultOptions` | direct | none | caller flags | no | raw result | no |",shared,Fit,solver/API,low,preserve as historical context
docs\architecture\execution_profiles_dependency_map.md,223,Robust,"| mRLFE A0Like/S0Like | Sweep | Fast/Balanced/Robust | requested RL seed plus GUI fast atlas | same as Main GUI route | GUI adapter sweep | GUI fast presets | A0 policy from SweepTool | zero-eta fallback possible | `guiResults` metadata | yes |",shared,Fit,solver/API,low,preserve as historical context
docs\architecture\execution_profiles_dependency_map.md,224,Robust,"| mRLFE A0Like etaS=0 | Fit | Fast/Balanced/Robust | Fast | `mrlfeDefaultSweepOptions` Fast; `fast_fit_atlas` 260 | zero-viscosity adaptive atlas fit | `fast_fit_atlas` | `adaptivePhysicalTail` | no production fallback, interpolation may drop invalids | `evaluationPath`, `fitPerformanceDefaults` | yes |",shared,Fit,solver/API,low,preserve as historical context
docs\architecture\execution_profiles_dependency_map.md,225,Robust,"| mRLFE A0Like etaS>0 | Fit | Fast/Balanced/Robust | Fast | `mrlfeDefaultSweepOptions` Fast; `fast_fit_atlas` 260 | viscous unified atlas | `fast_fit_atlas` | `adaptivePhysicalTail` | no | routePolicy/evaluationPath | yes |",shared,Fit,solver/API,low,preserve as historical context
docs\architecture\execution_profiles_dependency_map.md,226,Robust,"| mRLFE S0Like etaS=0 | Fit | Fast/Balanced/Robust | Fast | `fast_fit_atlas` 260 | zero-viscosity adaptive atlas fit | `fast_fit_atlas` | S0 adaptive continuation | no | routePolicy/evaluationPath | yes |",shared,Fit,solver/API,low,preserve as historical context
docs\architecture\execution_profiles_dependency_map.md,227,Robust,"| mRLFE S0Like etaS>0 | Fit | Fast/Balanced/Robust | Fast | `fast_fit_atlas` 260 | viscous unified atlas | `fast_fit_atlas` | S0 unified atlas | no | routePolicy/evaluationPath | yes |",shared,Fit,solver/API,low,preserve as historical context
docs\architecture\execution_profiles_dependency_map.md,228,Robust,"| AE atlasA0 | Main | Fast/Balanced/Robust | AE atlas density from selected profile | 300/12, 600/16, or 900/20 | atlasA0 | AE default sweep option | atlasA0 | solver-specific invalid masks | raw/metadata | semantic mismatch only |",shared,Fit,solver/API,low,preserve as historical context
docs\architecture\execution_profiles_dependency_map.md,229,Robust,"| AE atlasA0 | Sweep | Fast/Balanced | same for exposed values | Fast 300/12; Balanced 600/16 | atlasA0 sweep | controls | atlasA0 | invalid masks | sweep summary | Robust unavailable |",shared,Fit,solver/API,low,preserve as historical context
docs\architecture\execution_profiles_dependency_map.md,230,Robust,"| AE atlasA0 | Fit | Fast/Balanced/Robust | usually 300/12/50 from GUI | `atlasInitializationNumFrequencyPoints=50`; optimizer 10/24 | atlasA0 fit | Fit GUI controls | atlasA0 | invalid masks | normalized fit result | yes |",shared,Fit,solver/API,low,preserve as historical context
docs\architecture\execution_profiles_dependency_map.md,231,Robust,"| AE atlasA0 | API | Fast/Balanced/Robust | same | `aeDefaultSweepOptions` 300/12, 600/16, 900/20 | atlasA0 | AE default sweep option | atlasA0 | invalid masks | raw result | no |",shared,Fit,solver/API,low,preserve as historical context
docs\architecture\execution_profiles_dependency_map.md,9,robustness,"-> createAdvancedTab (default robustness = Balanced)",shared,Fit,solver/API,low,preserve as historical context
docs\architecture\execution_profiles_dependency_map.md,11,robustness,"-> rlDefaultOptions(selected robustness)",shared,Fit,solver/API,low,preserve as historical context
docs\architecture\execution_profiles_dependency_map.md,26,robustness,"-> createAdvancedTab (default robustness = Balanced)",shared,Fit,solver/API,low,preserve as historical context
docs\architecture\execution_profiles_dependency_map.md,28,robustness,"-> rlDefaultOptions(selected robustness)",shared,Fit,solver/API,low,preserve as historical context
docs\architecture\execution_profiles_dependency_map.md,49,robustness,"-> createAdvancedTab (default robustness = Balanced)",shared,Fit,solver/API,low,preserve as historical context
docs\architecture\execution_profiles_dependency_map.md,51,robustness,"-> guiBuildAcoustoelasticIOPHGOOptions(selected robustness)",shared,Fit,solver/API,low,preserve as historical context
docs\architecture\execution_profiles_dependency_map.md,73,robustness,"-> rlDefaultOptions(request.controls.robustness)",shared,Fit,solver/API,low,preserve as historical context
docs\architecture\execution_profiles_dependency_map.md,80,robustness,"- Adapter falls back to `Balanced` if controls omit robustness.",shared,Fit,solver/API,low,preserve as historical context
docs\architecture\execution_profiles_dependency_map.md,94,robustness,"-> rlDefaultOptions(request.controls.robustness)",shared,Fit,solver/API,low,preserve as historical context
docs\architecture\execution_profiles_dependency_map.md,150,robustness,"-> rlDefaultOptions(request.controls.robustness)",shared,Fit,solver/API,low,preserve as historical context
docs\architecture\execution_profiles_dependency_map.md,200,robustness,"-> aeDefaultSweepOptions(request.controls.robustness)",shared,Fit,solver/API,low,preserve as historical context
docs\architecture\execution_profiles_dependency_map.md,219,robustness,"| mRLFE A0Like etaS=0 | Main | selected robustness | selected RL seed plus GUI fast atlas | GUI fast atlas scan 260 unless disabled | zero-viscosity adaptive atlas | `fast_zero_viscosity_adaptive` | `adaptivePhysicalTail` | elastic reference possible | `mrlfeGuiActualRoute`, preset, quality | yes, atlas density not tied to selected robustness |",shared,Fit,solver/API,low,preserve as historical context
docs\architecture\execution_profiles_dependency_map.md,220,robustness,"| mRLFE A0Like etaS>0 | Main | selected robustness | selected RL seed plus GUI fast atlas | unified atlas scan 260 unless disabled | viscous unified atlas | `fast_viscous` | `adaptivePhysicalTail` | no standard fallback | GUI metadata | yes |",shared,Fit,solver/API,low,preserve as historical context
docs\architecture\execution_profiles_dependency_map.md,221,robustness,"| mRLFE S0Like etaS=0 | Main | selected robustness | selected RL seed plus GUI fast atlas | adaptive atlas scan 260 unless disabled | zero-viscosity adaptive atlas | `fast_zero_viscosity_adaptive` | S0 adaptive continuation | elastic reference possible via quality route | GUI metadata | yes |",shared,Fit,solver/API,low,preserve as historical context
docs\architecture\execution_profiles_dependency_map.md,222,robustness,"| mRLFE S0Like etaS>0 | Main | selected robustness | selected RL seed plus GUI fast atlas | unified atlas scan 260 unless disabled | viscous unified atlas | `fast_viscous` | S0 unified atlas | no standard fallback | GUI metadata | yes |",shared,Fit,solver/API,low,preserve as historical context
docs\architecture\execution_profiles_dependency_map.md,177,fast_fit_atlas,"-> fast_fit_atlas",shared,Fit,solver/API,low,preserve as historical context
docs\architecture\execution_profiles_dependency_map.md,183,fast_fit_atlas,"- `guiFitMRLFESolver` sets `mrlfeFitAtlasPreset = ""fast_fit_atlas""`.",shared,Fit,solver/API,low,preserve as historical context
docs\architecture\execution_profiles_dependency_map.md,224,fast_fit_atlas,"| mRLFE A0Like etaS=0 | Fit | Fast/Balanced/Robust | Fast | `mrlfeDefaultSweepOptions` Fast; `fast_fit_atlas` 260 | zero-viscosity adaptive atlas fit | `fast_fit_atlas` | `adaptivePhysicalTail` | no production fallback, interpolation may drop invalids | `evaluationPath`, `fitPerformanceDefaults` | yes |",shared,Fit,solver/API,low,preserve as historical context
docs\architecture\execution_profiles_dependency_map.md,225,fast_fit_atlas,"| mRLFE A0Like etaS>0 | Fit | Fast/Balanced/Robust | Fast | `mrlfeDefaultSweepOptions` Fast; `fast_fit_atlas` 260 | viscous unified atlas | `fast_fit_atlas` | `adaptivePhysicalTail` | no | routePolicy/evaluationPath | yes |",shared,Fit,solver/API,low,preserve as historical context
docs\architecture\execution_profiles_dependency_map.md,226,fast_fit_atlas,"| mRLFE S0Like etaS=0 | Fit | Fast/Balanced/Robust | Fast | `fast_fit_atlas` 260 | zero-viscosity adaptive atlas fit | `fast_fit_atlas` | S0 adaptive continuation | no | routePolicy/evaluationPath | yes |",shared,Fit,solver/API,low,preserve as historical context
docs\architecture\execution_profiles_dependency_map.md,227,fast_fit_atlas,"| mRLFE S0Like etaS>0 | Fit | Fast/Balanced/Robust | Fast | `fast_fit_atlas` 260 | viscous unified atlas | `fast_fit_atlas` | S0 unified atlas | no | routePolicy/evaluationPath | yes |",shared,Fit,solver/API,low,preserve as historical context
docs\architecture\execution_profiles_dependency_map.md,42,fast_viscous,"- Effective atlas presets are `fast_viscous`, `fast_zero_viscosity_adaptive`, or `elastic_reference`.",shared,Fit,solver/API,low,preserve as historical context
docs\architecture\execution_profiles_dependency_map.md,220,fast_viscous,"| mRLFE A0Like etaS>0 | Main | selected robustness | selected RL seed plus GUI fast atlas | unified atlas scan 260 unless disabled | viscous unified atlas | `fast_viscous` | `adaptivePhysicalTail` | no standard fallback | GUI metadata | yes |",shared,Fit,solver/API,low,preserve as historical context
docs\architecture\execution_profiles_dependency_map.md,222,fast_viscous,"| mRLFE S0Like etaS>0 | Main | selected robustness | selected RL seed plus GUI fast atlas | unified atlas scan 260 unless disabled | viscous unified atlas | `fast_viscous` | S0 unified atlas | no standard fallback | GUI metadata | yes |",shared,Fit,solver/API,low,preserve as historical context
docs\architecture\execution_profiles_dependency_map.md,42,fast_zero_viscosity_adaptive,"- Effective atlas presets are `fast_viscous`, `fast_zero_viscosity_adaptive`, or `elastic_reference`.",shared,Fit,solver/API,low,preserve as historical context
docs\architecture\execution_profiles_dependency_map.md,219,fast_zero_viscosity_adaptive,"| mRLFE A0Like etaS=0 | Main | selected robustness | selected RL seed plus GUI fast atlas | GUI fast atlas scan 260 unless disabled | zero-viscosity adaptive atlas | `fast_zero_viscosity_adaptive` | `adaptivePhysicalTail` | elastic reference possible | `mrlfeGuiActualRoute`, preset, quality | yes, atlas density not tied to selected robustness |",shared,Fit,solver/API,low,preserve as historical context
docs\architecture\execution_profiles_dependency_map.md,221,fast_zero_viscosity_adaptive,"| mRLFE S0Like etaS=0 | Main | selected robustness | selected RL seed plus GUI fast atlas | adaptive atlas scan 260 unless disabled | zero-viscosity adaptive atlas | `fast_zero_viscosity_adaptive` | S0 adaptive continuation | elastic reference possible via quality route | GUI metadata | yes |",shared,Fit,solver/API,low,preserve as historical context
docs\architecture\execution_profiles_dependency_map.md,41,mrlfeUseGuiFastAtlasPreset,"- `applyGuiAtlasPreset` defaults `mrlfeUseGuiFastAtlasPreset=true`.",shared,Fit,solver/API,low,preserve as historical context
docs\architecture\execution_profiles_dependency_map.md,111,atlasNumYPoints,"-> controls.atlasNumYPoints = 600 if Balanced else 300",shared,Fit,solver/API,low,preserve as historical context
docs\architecture\execution_profiles_dependency_map.md,193,atlasNumYPoints,"-> controls.atlasNumYPoints = 300",shared,Fit,solver/API,low,preserve as historical context
docs\architecture\execution_profiles_dependency_map.md,112,atlasTopNMinima,"-> controls.atlasTopNMinima = 16 if Balanced else 12",shared,Fit,solver/API,low,preserve as historical context
docs\architecture\execution_profiles_dependency_map.md,194,atlasTopNMinima,"-> controls.atlasTopNMinima = 12",shared,Fit,solver/API,low,preserve as historical context
docs\architecture\execution_profiles_dependency_map.md,195,atlasInitializationNumFrequencyPoints,"-> controls.atlasInitializationNumFrequencyPoints = 50",shared,Fit,solver/API,low,preserve as historical context
docs\architecture\execution_profiles_dependency_map.md,230,atlasInitializationNumFrequencyPoints,"| AE atlasA0 | Fit | Fast/Balanced/Robust | usually 300/12/50 from GUI | `atlasInitializationNumFrequencyPoints=50`; optimizer 10/24 | atlasA0 fit | Fit GUI controls | atlasA0 | invalid masks | normalized fit result | yes |",shared,Fit,solver/API,low,preserve as historical context
docs\architecture\execution_profiles_dependency_map.md,169,MaxIter,"-> optimizer MaxIter=35, MaxFunEvals=80, TolX=1e-5",shared,Fit,solver/API,low,preserve as historical context
docs\architecture\execution_profiles_dependency_map.md,196,MaxIter,"-> optimizer MaxIter=10, MaxFunEvals=24, TolX=1e-3",shared,Fit,solver/API,low,preserve as historical context
docs\architecture\execution_profiles_dependency_map.md,169,MaxFunEvals,"-> optimizer MaxIter=35, MaxFunEvals=80, TolX=1e-5",shared,Fit,solver/API,low,preserve as historical context
docs\architecture\execution_profiles_dependency_map.md,196,MaxFunEvals,"-> optimizer MaxIter=10, MaxFunEvals=24, TolX=1e-3",shared,Fit,solver/API,low,preserve as historical context
docs\architecture\execution_profiles_dependency_map.md,169,TolX,"-> optimizer MaxIter=35, MaxFunEvals=80, TolX=1e-5",shared,Fit,solver/API,low,preserve as historical context
docs\architecture\execution_profiles_dependency_map.md,196,TolX,"-> optimizer MaxIter=10, MaxFunEvals=24, TolX=1e-3",shared,Fit,solver/API,low,preserve as historical context
docs\architecture\execution_profiles_dependency_map.md,209,TolX,"- Thickness fitting changes only optimizer `TolX` to `1e-8`.",shared,Fit,solver/API,low,preserve as historical context
docs\architecture\execution_profiles_proposal.md,12,Fast,"Fast",shared,Fit,solver/API,low,preserve as historical context
docs\architecture\execution_profiles_proposal.md,94,Fast,"SweepTool_GUI       -> Fast",shared,Fit,solver/API,low,preserve as historical context
docs\architecture\execution_profiles_proposal.md,95,Fast,"FitTool_GUI         -> Fast",shared,Fit,solver/API,low,preserve as historical context
docs\architecture\execution_profiles_proposal.md,103,Fast,"| SweepTool / RL | Viable but changes current RL sweep default | Registry currently uses `Balanced`; moving to `Fast` trades quality for throughput. |",shared,Fit,solver/API,low,preserve as historical context
docs\architecture\execution_profiles_proposal.md,104,Fast,"| SweepTool / mRLFE | Viable and current | Current default `Fast` preserves deliberate fast route. |",shared,Fit,solver/API,low,preserve as historical context
docs\architecture\execution_profiles_proposal.md,105,Fast,"| SweepTool / AE | Viable and current | Current default `Fast`; Robust not exposed. |",shared,Fit,solver/API,low,preserve as historical context
docs\architecture\execution_profiles_proposal.md,106,Fast,"| FitTool / RL | Viable and current | Fit default is `Fast`. |",shared,Fit,solver/API,low,preserve as historical context
docs\architecture\execution_profiles_proposal.md,131,Fast,"- Decide whether SweepTool RL should move from `Balanced` to `Fast`.",shared,Fit,solver/API,low,preserve as historical context
docs\architecture\execution_profiles_proposal.md,145,Fast,"- Treating mRLFE `Fast/Balanced/Robust` as equivalent to RL presets would erase deliberate fast atlas decisions.",shared,Fit,solver/API,low,preserve as historical context
docs\architecture\execution_profiles_proposal.md,13,Balanced,"Balanced",shared,Fit,solver/API,low,preserve as historical context
docs\architecture\execution_profiles_proposal.md,93,Balanced,"LambFundamental_GUI -> Balanced",shared,Fit,solver/API,low,preserve as historical context
docs\architecture\execution_profiles_proposal.md,100,Balanced,"| Main GUI / RL | Viable | Current default already `Balanced`; semantics are direct. |",shared,Fit,solver/API,low,preserve as historical context
docs\architecture\execution_profiles_proposal.md,101,Balanced,"| Main GUI / mRLFE | Viable with warning | Current UI starts from `Balanced`, but GUI fast atlas presets make effective atlas density route-specific. |",shared,Fit,solver/API,low,preserve as historical context
docs\architecture\execution_profiles_proposal.md,102,Balanced,"| Main GUI / AE | Requires more benchmark | `Balanced` maps to 600/16; acceptable interactively only if timing remains reasonable. |",shared,Fit,solver/API,low,preserve as historical context
docs\architecture\execution_profiles_proposal.md,103,Balanced,"| SweepTool / RL | Viable but changes current RL sweep default | Registry currently uses `Balanced`; moving to `Fast` trades quality for throughput. |",shared,Fit,solver/API,low,preserve as historical context
docs\architecture\execution_profiles_proposal.md,131,Balanced,"- Decide whether SweepTool RL should move from `Balanced` to `Fast`.",shared,Fit,solver/API,low,preserve as historical context
docs\architecture\execution_profiles_proposal.md,145,Balanced,"- Treating mRLFE `Fast/Balanced/Robust` as equivalent to RL presets would erase deliberate fast atlas decisions.",shared,Fit,solver/API,low,preserve as historical context
docs\architecture\execution_profiles_proposal.md,14,Robust,"Robust",shared,Fit,solver/API,low,preserve as historical context
docs\architecture\execution_profiles_proposal.md,105,Robust,"| SweepTool / AE | Viable and current | Current default `Fast`; Robust not exposed. |",shared,Fit,solver/API,low,preserve as historical context
docs\architecture\execution_profiles_proposal.md,108,Robust,"| FitTool / AE | Viable and current | Fit GUI currently enforces 300/12/50 regardless of selected Robust. |",shared,Fit,solver/API,low,preserve as historical context
docs\architecture\execution_profiles_proposal.md,132,Robust,"- Decide whether SweepTool AE should expose `Robust`.",shared,Fit,solver/API,low,preserve as historical context
docs\architecture\execution_profiles_proposal.md,145,Robust,"- Treating mRLFE `Fast/Balanced/Robust` as equivalent to RL presets would erase deliberate fast atlas decisions.",shared,Fit,solver/API,low,preserve as historical context
docs\architecture\execution_profiles_proposal.md,5,robustness,"Future work should split the current overloaded `robustness` concept into four independent axes.",shared,Fit,solver/API,low,preserve as historical context
docs\architecture\execution_profiles_proposal.md,23,robustness,"`robustness` should remain as a compatibility alias for at least one migration cycle.",shared,Fit,solver/API,low,preserve as historical context
docs\architecture\execution_profiles_proposal.md,123,robustness,"- Add `executionProfile` while accepting `robustness` as alias.",shared,Fit,solver/API,low,preserve as historical context
docs\architecture\execution_profiles_proposal.md,138,robustness,"- Mark `robustness` as compatibility alias.",shared,Fit,solver/API,low,preserve as historical context
docs\architecture\execution_profiles_proposal.md,144,robustness,"- Renaming `robustness` too early would break GUI and examples.",shared,Fit,solver/API,low,preserve as historical context
docs\architecture\execution_profiles_proposal.md,20,executionProfile,"executionProfile",shared,Fit,solver/API,low,preserve as historical context
docs\architecture\execution_profiles_proposal.md,73,executionProfile,"metadata.executionProfile.requested",shared,Fit,solver/API,low,preserve as historical context
docs\architecture\execution_profiles_proposal.md,74,executionProfile,"metadata.executionProfile.effective",shared,Fit,solver/API,low,preserve as historical context
docs\architecture\execution_profiles_proposal.md,123,executionProfile,"- Add `executionProfile` while accepting `robustness` as alias.",shared,Fit,solver/API,low,preserve as historical context
docs\architecture\execution_profiles_proposal.md,137,executionProfile,"- Update docs and examples to prefer `executionProfile`.",shared,Fit,solver/API,low,preserve as historical context
docs\architecture\execution_profiles_proposal.md,60,MaxIter,"- `MaxIter`",shared,Fit,solver/API,low,preserve as historical context
docs\architecture\execution_profiles_proposal.md,61,MaxFunEvals,"- `MaxFunEvals`",shared,Fit,solver/API,low,preserve as historical context
docs\architecture\execution_profiles_proposal.md,62,TolX,"- `TolX`",shared,Fit,solver/API,low,preserve as historical context
docs\archive\fitting_phases\fitting_phase9_status.md,81,atlasNumYPoints,"atlasNumYPoints = 300",shared,Fit,solver/API,low,preserve as historical context
docs\archive\fitting_phases\fitting_phase9_status.md,82,atlasTopNMinima,"atlasTopNMinima = 12",shared,Fit,solver/API,low,preserve as historical context
docs\archive\fitting_phases\fitting_phase9_status.md,83,atlasInitializationNumFrequencyPoints,"atlasInitializationNumFrequencyPoints = 50",shared,Fit,solver/API,low,preserve as historical context
docs\models\acoustoelastic_iop_hgo\active\branch_policy.md,64,atlasInitializationNumFrequencyPoints,"options.atlasInitializationNumFrequencyPoints = 50;",AE,Fit,solver/API,low,preserve as historical context
docs\models\acoustoelastic_iop_hgo\active\fitting_workflow.md,70,Fast,"aeDefaultSweepOptions(""Fast"")",AE,Fit,solver/API,low,preserve as historical context
docs\models\acoustoelastic_iop_hgo\active\solver_pending_work.md,78,atlasNumYPoints,"This should be more efficient than simply increasing `atlasNumYPoints`, because it avoids a very dense global velocity scan at every frequency.",AE,Fit,solver/API,low,preserve as historical context
docs\models\acoustoelastic_iop_hgo\archive\main_gui_integration_closure.md,171,Fast,"compare Fast, Balanced, Robust",AE,Fit,GUI/adapter,low,preserve as historical context
docs\models\acoustoelastic_iop_hgo\archive\main_gui_integration_closure.md,171,Balanced,"compare Fast, Balanced, Robust",AE,Fit,GUI/adapter,low,preserve as historical context
docs\models\acoustoelastic_iop_hgo\archive\main_gui_integration_closure.md,93,Robust,"Robust mode appears to increase solver-search settings but does not necessarily produce a sufficiently dense output curve.",AE,Fit,GUI/adapter,low,preserve as historical context
docs\models\acoustoelastic_iop_hgo\archive\main_gui_integration_closure.md,171,Robust,"compare Fast, Balanced, Robust",AE,Fit,GUI/adapter,low,preserve as historical context
docs\models\acoustoelastic_iop_hgo\diagnostics\atlasA0_truncation_cause_diagnostic.md,115,atlasNumYPoints,"`options.atlasNumYPoints = [1000 1500 2000 3000];`",AE,Fit,diagnostic,low,preserve as historical context
docs\models\acoustoelastic_iop_hgo\diagnostics\atlasA0_truncation_cause_diagnostic.md,177,atlasNumYPoints,"| `iop_20mmHg` | `atlasNumYPoints=1000`, `atlasTopNMinima=32` | 120 | 35.0000 | 107 | Increasing `atlasTopNMinima` can fully remove terminal truncation, but the response is non-monotonic with `atlasNumYPoints`. |",AE,Fit,diagnostic,low,preserve as historical context
docs\models\acoustoelastic_iop_hgo\diagnostics\atlasA0_truncation_cause_diagnostic.md,178,atlasNumYPoints,"| `iop_25mmHg` | `atlasNumYPoints=3000`, `atlasTopNMinima=24` | 112 | 30.1948 | 104 | Higher resolution improves coverage, but no tested setting reaches full 35 kHz coverage. |",AE,Fit,diagnostic,low,preserve as historical context
docs\models\acoustoelastic_iop_hgo\diagnostics\atlasA0_truncation_cause_diagnostic.md,179,atlasNumYPoints,"| `mu_25kPa` | `atlasNumYPoints=1500`, `atlasTopNMinima=32` | 95 | 10.2235 | 92 | The branch remains strongly truncated under all tested atlas settings. |",AE,Fit,diagnostic,low,preserve as historical context
docs\models\acoustoelastic_iop_hgo\diagnostics\atlasA0_truncation_cause_diagnostic.md,117,atlasTopNMinima,"`options.atlasTopNMinima = [18 24 32];`",AE,Fit,diagnostic,low,preserve as historical context
docs\models\acoustoelastic_iop_hgo\diagnostics\atlasA0_truncation_cause_diagnostic.md,177,atlasTopNMinima,"| `iop_20mmHg` | `atlasNumYPoints=1000`, `atlasTopNMinima=32` | 120 | 35.0000 | 107 | Increasing `atlasTopNMinima` can fully remove terminal truncation, but the response is non-monotonic with `atlasNumYPoints`. |",AE,Fit,diagnostic,low,preserve as historical context
docs\models\acoustoelastic_iop_hgo\diagnostics\atlasA0_truncation_cause_diagnostic.md,178,atlasTopNMinima,"| `iop_25mmHg` | `atlasNumYPoints=3000`, `atlasTopNMinima=24` | 112 | 30.1948 | 104 | Higher resolution improves coverage, but no tested setting reaches full 35 kHz coverage. |",AE,Fit,diagnostic,low,preserve as historical context
docs\models\acoustoelastic_iop_hgo\diagnostics\atlasA0_truncation_cause_diagnostic.md,179,atlasTopNMinima,"| `mu_25kPa` | `atlasNumYPoints=1500`, `atlasTopNMinima=32` | 95 | 10.2235 | 92 | The branch remains strongly truncated under all tested atlas settings. |",AE,Fit,diagnostic,low,preserve as historical context
docs\models\acoustoelastic_iop_hgo\diagnostics\branch_identity_score_diagnostic.md,34,atlasTopNMinima,"This is important because the production atlas may retain only `atlasTopNMinima = 18`, while the continuation-like minimum can appear at rank 25-35 in crowded landscapes.",AE,Fit,diagnostic,low,preserve as historical context
docs\models\acoustoelastic_iop_hgo\diagnostics\branch_identity_score_grid_validation.md,79,atlasNumYPoints,"options.atlasNumYPoints = 1000;",AE,Fit,diagnostic,low,preserve as historical context
docs\models\acoustoelastic_iop_hgo\diagnostics\branch_identity_score_grid_validation.md,80,atlasTopNMinima,"options.atlasTopNMinima = 18;",AE,Fit,diagnostic,low,preserve as historical context
docs\models\mrlfe\atlas_policy_notes.md,267,Fast,"options = rlDefaultOptions(""Fast"");",mRLFE,Fit,solver/API,low,preserve as historical context
docs\models\mrlfe\atlas_policy_notes.md,275,Fast,"options = rlDefaultOptions(""Fast"");",mRLFE,Fit,solver/API,low,preserve as historical context
docs\models\mrlfe\fitting_workflow.md,154,fitAtlasPreset,"fitOutput.routePolicy.fitAtlasPreset",mRLFE,Fit,solver/API,low,preserve as historical context
docs\models\mrlfe\fitting_workflow.md,144,fast_fit_atlas,"solverOptions.mrlfeFitAtlasPreset = ""fast_fit_atlas"";",mRLFE,Fit,solver/API,low,preserve as historical context
docs\models\mrlfe\fitting_workflow.md,196,fast_fit_atlas,"solverOptions.mrlfeFitAtlasPreset = ""fast_fit_atlas"";",mRLFE,Fit,solver/API,low,preserve as historical context
docs\models\mrlfe\fitting_workflow.md,199,mrlfeAdaptiveCpScanPoints,"solverOptions.mrlfeAdaptiveCpScanPoints = 260;",mRLFE,Fit,solver/API,low,preserve as historical context
docs\models\mrlfe\fitting_workflow.md,198,mrlfeViscoAtlasCpScanPoints,"solverOptions.mrlfeViscoAtlasCpScanPoints = 260;",mRLFE,Fit,solver/API,low,preserve as historical context
docs\models\mrlfe\fitting_workflow.md,197,mrlfeA0DPCpScanPoints,"solverOptions.mrlfeA0DPCpScanPoints = 260;",mRLFE,Fit,solver/API,low,preserve as historical context
docs\workflows\fitting\validation_suite.md,89,robustness,"The perturbed case is not intended to prove statistical robustness. It only checks that the optimizer does not collapse under small deterministic deviations from the exact forward model.",shared,Fit,solver/API,low,preserve as historical context
docs\workflows\gui\interface_parameter_audit.md,34,robustness,"- robustness;",shared,Fit,GUI/adapter,low,preserve as historical context
docs\workflows\gui\interface_parameter_audit.md,133,robustness,"- atlas policy and robustness remain separate solver/policy controls.",shared,Fit,GUI/adapter,low,preserve as historical context
docs\workflows\gui\interface_parameter_audit.md,234,robustness,"robustness",shared,Fit,GUI/adapter,low,preserve as historical context
docs\workflows\gui\main_pending_cleanup.md,59,robustness,"The atlas settings are derived internally from the Advanced robustness preset through:",shared,Fit,GUI/adapter,low,preserve as historical context
docs\workflows\gui\main_pending_cleanup.md,138,robustness,"Use robustness only as a preset for solver tolerances/search density.",shared,Fit,GUI/adapter,low,preserve as historical context
docs\workflows\gui\main_pending_cleanup.md,70,atlasNumYPoints,"No raw atlasNumYPoints field in the GUI.",shared,Fit,GUI/adapter,low,preserve as historical context
docs\workflows\gui\main_pending_cleanup.md,71,atlasTopNMinima,"No raw atlasTopNMinima field in the GUI.",shared,Fit,GUI/adapter,low,preserve as historical context
docs\workflows\gui\mrlfe_atlas_policy_integration.md,125,Fast,"options.mrlfeUseGuiFastAtlasPreset = true;",mRLFE,Fit,GUI/adapter,low,preserve as historical context
docs\workflows\gui\mrlfe_atlas_policy_integration.md,155,Fast,"options.mrlfeUseGuiFastAtlasPreset = false;",mRLFE,Fit,GUI/adapter,low,preserve as historical context
docs\workflows\gui\mrlfe_atlas_policy_integration.md,236,fitAtlasPreset,"fitOutput.routePolicy.fitAtlasPreset",mRLFE,Fit,GUI/adapter,low,preserve as historical context
docs\workflows\gui\mrlfe_atlas_policy_integration.md,131,fast_viscous,"result.metadata.mrlfeGuiAtlasPreset = ""fast_viscous"";",mRLFE,Fit,GUI/adapter,low,preserve as historical context
docs\workflows\gui\mrlfe_atlas_policy_integration.md,137,fast_zero_viscosity_adaptive,"result.metadata.mrlfeGuiAtlasPreset = ""fast_zero_viscosity_adaptive"";",mRLFE,Fit,GUI/adapter,low,preserve as historical context
docs\workflows\gui\mrlfe_atlas_policy_integration.md,125,mrlfeUseGuiFastAtlasPreset,"options.mrlfeUseGuiFastAtlasPreset = true;",mRLFE,Fit,GUI/adapter,low,preserve as historical context
docs\workflows\gui\mrlfe_atlas_policy_integration.md,155,mrlfeUseGuiFastAtlasPreset,"options.mrlfeUseGuiFastAtlasPreset = false;",mRLFE,Fit,GUI/adapter,low,preserve as historical context
docs\workflows\gui\mrlfe_atlas_policy_integration.md,147,mrlfeAdaptiveCpScanPoints,"mrlfeAdaptiveCpScanPoints = 260",mRLFE,Fit,GUI/adapter,low,preserve as historical context
docs\workflows\gui\mrlfe_atlas_policy_integration.md,143,mrlfeViscoAtlasCpScanPoints,"mrlfeViscoAtlasCpScanPoints = 260",mRLFE,Fit,GUI/adapter,low,preserve as historical context
docs\workflows\gui\mrlfe_atlas_policy_integration.md,144,mrlfeA0DPCpScanPoints,"mrlfeA0DPCpScanPoints = 260",mRLFE,Fit,GUI/adapter,low,preserve as historical context
docs\workflows\sweeps\parametric_sweeps.md,39,Fast,"robustness preset = Fast",shared,Fit,solver/API,low,preserve as historical context
docs\workflows\sweeps\parametric_sweeps.md,119,Balanced,"robustness preset = Balanced",shared,Fit,solver/API,low,preserve as historical context
docs\workflows\sweeps\parametric_sweeps.md,39,robustness,"robustness preset = Fast",shared,Fit,solver/API,low,preserve as historical context
docs\workflows\sweeps\parametric_sweeps.md,119,robustness,"robustness preset = Balanced",shared,Fit,solver/API,low,preserve as historical context
docs\workflows\sweeps\sweep_tool_usage.md,34,Fast,"Robustness: Fast",shared,Fit,solver/API,low,preserve as historical context
docs\workflows\sweeps\sweep_tool_usage.md,59,Fast,"Robustness: Fast",shared,Fit,solver/API,low,preserve as historical context
docs\workflows\sweeps\sweep_tool_usage.md,80,Fast,"Robustness: Fast",shared,Fit,solver/API,low,preserve as historical context
docs\workflows\sweeps\sweep_tool_usage.md,140,Fast,"Robustness: Fast",shared,Fit,solver/API,low,preserve as historical context
docs\workflows\sweeps\sweep_tool_usage.md,159,Fast,"Robustness: Fast",shared,Fit,solver/API,low,preserve as historical context
docs\workflows\sweeps\sweep_tool_usage.md,101,Balanced,"Robustness: Balanced",shared,Fit,solver/API,low,preserve as historical context
docs\workflows\sweeps\sweep_tool_usage.md,121,Balanced,"Robustness: Balanced",shared,Fit,solver/API,low,preserve as historical context
docs\workflows\sweeps\sweep_tool_usage.md,34,Robust,"Robustness: Fast",shared,Fit,solver/API,low,preserve as historical context
docs\workflows\sweeps\sweep_tool_usage.md,59,Robust,"Robustness: Fast",shared,Fit,solver/API,low,preserve as historical context
docs\workflows\sweeps\sweep_tool_usage.md,80,Robust,"Robustness: Fast",shared,Fit,solver/API,low,preserve as historical context
docs\workflows\sweeps\sweep_tool_usage.md,101,Robust,"Robustness: Balanced",shared,Fit,solver/API,low,preserve as historical context
docs\workflows\sweeps\sweep_tool_usage.md,121,Robust,"Robustness: Balanced",shared,Fit,solver/API,low,preserve as historical context
docs\workflows\sweeps\sweep_tool_usage.md,140,Robust,"Robustness: Fast",shared,Fit,solver/API,low,preserve as historical context
docs\workflows\sweeps\sweep_tool_usage.md,159,Robust,"Robustness: Fast",shared,Fit,solver/API,low,preserve as historical context
