Path,Extension,TopLevelArea,LineCount,NonblankNoncommentLineCount,Category,CurrentRole,MainLine,DirectCallers,DynamicCallRisk,TestCoverage,DocumentationReferences,Decision,TargetPathOrReplacement,Risk,RequiredValidation,Evidence,Notes
analysis/execution_profiles/benchmarkMRLFEExecutionProfiles.m,.m,analysis,238,218,supporting evidence,"mRLFE-related tracked artifact",0,analysis/repository_audit/buildRepositoryDensityAudit.m;tests/app/execution_profiles/test_mrlfe_execution_profile_benchmark_contract.m,explicit dynamic reference,tests/app/execution_profiles/test_mrlfe_execution_profile_benchmark_contract.m,docs/repository/test_suite_final_architecture.md;docs/validation/mrlfe_execution_profile_benchmark.md,retain,,low,"static path/reference validation",git-tracked; exact token callers=2; test references=1; documentation references=2,""
analysis/mrlfe/compareMRLFETrackingStrategies.m,.m,analysis,108,86,diagnostic-only helper,"maintained tracking-strategy comparison contract",0,analysis/repository_audit/buildRepositoryDensityAudit.m;tests/models/mrlfe/test_mrlfe_internal_grid_quality_guard.m;tests/models/mrlfe/test_mrlfe_maintained_entrypoints_naming.m;tests/models/mrlfe/test_mrlfe_tracking_strategy_comparison.m;tests/runners/run_mrlfe_smoke_tests.m,explicit dynamic reference,tests/models/mrlfe/test_mrlfe_internal_grid_quality_guard.m;tests/models/mrlfe/test_mrlfe_maintained_entrypoints_naming.m;tests/models/mrlfe/test_mrlfe_tracking_strategy_comparison.m;tests/runners/run_mrlfe_smoke_tests.m,README.md;docs/repository/maintained_entrypoints.md;docs/repository/mrlfe_line_and_repository_cleanup_report.md;docs/repository/mrlfe_line_and_repository_density_audit.md,retain,,low,"focused mRLFE tests",git-tracked; exact token callers=5; test references=4; documentation references=4,""
analysis/mrlfe/mrlfeBuildFitFrequencyGrid.m,.m,analysis,101,83,shared reusable support,"request, fitting, sweep, or diagnostic helper",1,analysis/mrlfe/mrlfeEvaluateFitModel.m;tests/app/fitting/test_mrlfe_fit_public_solver_characterization.m;tests/models/mrlfe/test_mrlfe_fit_frequency_grid_contract.m,none found,tests/app/fitting/test_mrlfe_fit_public_solver_characterization.m;tests/models/mrlfe/test_mrlfe_fit_frequency_grid_contract.m,docs/repository/mrlfe_line_and_repository_density_audit.md,retain,,low,"focused mRLFE tests",git-tracked; exact token callers=3; test references=2; documentation references=1,""
analysis/mrlfe/mrlfeBuildFitProblem.m,.m,analysis,223,177,shared reusable support,"request, fitting, sweep, or diagnostic helper",1,analysis/mrlfe/mrlfeFitDispersionData.m;examples/mrlfe/diagnostics/diagnose_mrlfe_fit_performance.m;tests/runners/run_core_smoke_tests.m,none found,tests/runners/run_core_smoke_tests.m,docs/repository/maintained_entrypoints.md;docs/repository/mrlfe_line_and_repository_density_audit.md,retain,,low,"focused mRLFE tests",git-tracked; exact token callers=3; test references=1; documentation references=2,""
analysis/mrlfe/mrlfeBuildFitSolveRequest.m,.m,analysis,16,13,application/interface line,"surface-specific public request mapper",1,analysis/mrlfe/mrlfeEvaluateFitModel.m;analysis/repository_audit/buildRepositoryDensityAudit.m;examples/mrlfe/diagnostics/run_mrlfe_targeted_grid_validation.m;tests/app/fitting/test_mrlfe_fit_public_solver_characterization.m;tests/app/sweeps/test_mrlfe_sweep_uses_public_solver.m;tests/models/mrlfe/test_mrlfe_fit_fast_options_quality.m;tests/models/mrlfe/test_mrlfe_no_legacy_route_flags.m;tests/models/mrlfe/test_mrlfe_public_request_builder.m,explicit dynamic reference,tests/app/fitting/test_mrlfe_fit_public_solver_characterization.m;tests/app/sweeps/test_mrlfe_sweep_uses_public_solver.m;tests/models/mrlfe/test_mrlfe_fit_fast_options_quality.m;tests/models/mrlfe/test_mrlfe_no_legacy_route_flags.m;tests/models/mrlfe/test_mrlfe_public_request_builder.m,docs/models/mrlfe/fitting_workflow.md;docs/models/mrlfe/production_core.md;docs/models/mrlfe/public_api.md;docs/repository/maintained_entrypoints.md;docs/repository/mrlfe_line_and_repository_density_audit.md;docs/workflows/fitting/architecture.md,consolidate,analysis/mrlfe/mrlfeBuildPublicSolveRequest.m plus thin wrappers,high,"builder contracts and all three surface parity tests",git-tracked; exact token callers=8; test references=5; documentation references=6,""
analysis/mrlfe/mrlfeBuildGuiSolveRequest.m,.m,analysis,16,13,application/interface line,"surface-specific public request mapper",1,analysis/repository_audit/buildRepositoryDensityAudit.m;app/adapters/guiRunMRLFEModel.m;tests/app/gui/test_mrlfe_main_gui_characterization.m;tests/app/gui/test_mrlfe_main_gui_uses_public_solver.m;tests/models/mrlfe/test_mrlfe_legacy_cleanup_characterization.m;tests/models/mrlfe/test_mrlfe_public_request_builder.m,explicit dynamic reference,tests/app/gui/test_mrlfe_main_gui_characterization.m;tests/app/gui/test_mrlfe_main_gui_uses_public_solver.m;tests/models/mrlfe/test_mrlfe_legacy_cleanup_characterization.m;tests/models/mrlfe/test_mrlfe_public_request_builder.m,docs/models/mrlfe/production_core.md;docs/models/mrlfe/public_api.md;docs/repository/maintained_entrypoints.md;docs/repository/mrlfe_line_and_repository_density_audit.md;docs/workflows/gui/adapter_architecture.md,consolidate,analysis/mrlfe/mrlfeBuildPublicSolveRequest.m plus thin wrappers,high,"builder contracts and all three surface parity tests",git-tracked; exact token callers=6; test references=4; documentation references=5,""
analysis/mrlfe/mrlfeBuildPublicSolveRequest.m,.m,analysis,182,159,shared reusable support,"canonical generic public request-construction owner",1,analysis/mrlfe/mrlfeBuildFitSolveRequest.m;analysis/mrlfe/mrlfeBuildGuiSolveRequest.m;analysis/mrlfe/mrlfeBuildSweepSolveRequest.m;analysis/repository_audit/buildRepositoryDensityAudit.m;tests/models/mrlfe/test_mrlfe_public_request_builder.m;tests/runners/run_mrlfe_public_contract_tests.m,explicit dynamic reference,tests/models/mrlfe/test_mrlfe_public_request_builder.m;tests/runners/run_mrlfe_public_contract_tests.m,docs/architecture/execution_profiles_surface_integration.md;docs/models/mrlfe/fitting_workflow.md;docs/models/mrlfe/public_api.md;docs/project/active_context.md;docs/repository/maintained_entrypoints.md;docs/repository/mrlfe_line_and_repository_cleanup_report.md;docs/repository/mrlfe_line_and_repository_density_audit.md,retain,,high,"builder contracts and all three surface parity tests",git-tracked; exact token callers=6; test references=2; documentation references=7,""
analysis/mrlfe/mrlfeBuildSweepSolveRequest.m,.m,analysis,59,53,application/interface line,"surface-specific public request mapper",1,analysis/repository_audit/buildRepositoryDensityAudit.m;app/adapters/guiRunMRLFESweep.m;tests/models/mrlfe/test_mrlfe_public_request_builder.m,explicit dynamic reference,tests/models/mrlfe/test_mrlfe_public_request_builder.m,docs/models/mrlfe/production_core.md;docs/models/mrlfe/public_api.md;docs/repository/maintained_entrypoints.md;docs/repository/mrlfe_line_and_repository_density_audit.md;docs/workflows/gui/adapter_architecture.md;docs/workflows/sweeps/sweep_tool_usage.md,consolidate,analysis/mrlfe/mrlfeBuildPublicSolveRequest.m plus thin wrappers,high,"builder contracts and all three surface parity tests",git-tracked; exact token callers=3; test references=1; documentation references=6,""
analysis/mrlfe/mrlfeDefaultSweepOptions.m,.m,analysis,49,40,shared reusable support,"request, fitting, sweep, or diagnostic helper",1,analysis/execution_profiles/validateExecutionProfileMatrix.m;analysis/mrlfe/mrlfeBuildFitProblem.m;analysis/mrlfe/mrlfeEvaluateFitModel.m;analysis/mrlfe/mrlfeRunSweepExample.m;analysis/performance/run_execution_profile_benchmark.m;app/FitTool_GUI.m;app/mrlfeResolveExecutionProfile.m;examples/mrlfe/diagnostics/diagnose_mrlfe_fit_performance.m;examples/mrlfe/diagnostics/run_mrlfe_targeted_grid_validation.m;examples/mrlfe/fitting/fit_mrlfe_A0Like.m;tests/app/execution_profiles/test_execution_profile_fit_curve_metadata.m;tests/app/execution_profiles/test_execution_profile_surface_metadata.m;tests/app/fitting/test_execution_profile_current_contract.m;tests/app/fitting/test_fit_tool_requested_curve_models.m;tests/app/fitting/test_gui_fit_registry_contract.m;tests/app/fitting/test_gui_mrlfe_fit_full_curve_fast_contract.m;tests/app/fitting/test_gui_mrlfe_fit_route_policy_contract.m;tests/app/fitting/test_gui_mrlfe_fixed_etaS_fit_contract.m;tests/app/fitting/test_mrlfe_fit_grid_policy_performance.m;tests/app/fitting/test_mrlfe_fit_public_solver_characterization.m;tests/app/fitting/test_mrlfe_fit_public_solver_parameter_regression.m;tests/app/fitting/test_mrlfe_fit_uses_public_solver.m;tests/app/gui/test_mrlfe_main_gui_consumer_equivalence.m;tests/models/mrlfe/test_mrlfe_etaS_fit_forward_cache.m;tests/models/mrlfe/test_mrlfe_fit_fast_options_quality.m;tests/models/mrlfe/test_mrlfe_fit_synthetic_A0Like.m;tests/models/mrlfe/test_mrlfe_no_legacy_route_flags.m;tests/shared/fitting/test_fit_validation_mrlfe.m;tests/shared/fitting/test_fit_validation_mrlfe_hidden_params.m,none found,tests/app/execution_profiles/test_execution_profile_fit_curve_metadata.m;tests/app/execution_profiles/test_execution_profile_surface_metadata.m;tests/app/fitting/test_execution_profile_current_contract.m;tests/app/fitting/test_fit_tool_requested_curve_models.m;tests/app/fitting/test_gui_fit_registry_contract.m;tests/app/fitting/test_gui_mrlfe_fit_full_curve_fast_contract.m;tests/app/fitting/test_gui_mrlfe_fit_route_policy_contract.m;tests/app/fitting/test_gui_mrlfe_fixed_etaS_fit_contract.m;tests/app/fitting/test_mrlfe_fit_grid_policy_performance.m;tests/app/fitting/test_mrlfe_fit_public_solver_characterization.m;tests/app/fitting/test_mrlfe_fit_public_solver_parameter_regression.m;tests/app/fitting/test_mrlfe_fit_uses_public_solver.m;tests/app/gui/test_mrlfe_main_gui_consumer_equivalence.m;tests/models/mrlfe/test_mrlfe_etaS_fit_forward_cache.m;tests/models/mrlfe/test_mrlfe_fit_fast_options_quality.m;tests/models/mrlfe/test_mrlfe_fit_synthetic_A0Like.m;tests/models/mrlfe/test_mrlfe_no_legacy_route_flags.m;tests/shared/fitting/test_fit_validation_mrlfe.m;tests/shared/fitting/test_fit_validation_mrlfe_hidden_params.m,docs/repository/maintained_entrypoints.md,retain,,low,"focused mRLFE tests",git-tracked; exact token callers=29; test references=19; documentation references=1,""
analysis/mrlfe/mrlfeDefaultSweepParams.m,.m,analysis,17,12,shared reusable support,"request, fitting, sweep, or diagnostic helper",1,analysis/execution_profiles/benchmarkMRLFEExecutionProfiles.m;analysis/execution_profiles/validateExecutionProfileMatrix.m;analysis/mrlfe/mrlfeBuildFitProblem.m;analysis/mrlfe/mrlfeRunSweepExample.m;analysis/performance/run_execution_profile_benchmark.m;analysis/performance/run_execution_profile_regression_smoke.m;app/FitTool_GUI.m;examples/mrlfe/diagnostics/diagnose_mrlfe_fit_performance.m;examples/mrlfe/diagnostics/run_mrlfe_targeted_grid_validation.m;examples/mrlfe/fitting/fit_mrlfe_A0Like.m;tests/app/execution_profiles/test_execution_profile_fit_curve_metadata.m;tests/app/execution_profiles/test_execution_profile_surface_metadata.m;tests/app/fitting/test_execution_profile_current_contract.m;tests/app/fitting/test_fit_tool_requested_curve_models.m;tests/app/fitting/test_gui_fit_registry_contract.m;tests/app/fitting/test_gui_mrlfe_fit_full_curve_fast_contract.m;tests/app/fitting/test_gui_mrlfe_fit_route_policy_contract.m;tests/app/fitting/test_gui_mrlfe_fixed_etaS_fit_contract.m;tests/app/fitting/test_mrlfe_fit_grid_policy_performance.m;tests/app/fitting/test_mrlfe_fit_public_solver_characterization.m;tests/app/fitting/test_mrlfe_fit_public_solver_parameter_regression.m;tests/app/fitting/test_mrlfe_fit_uses_public_solver.m;tests/models/mrlfe/test_mrlfe_etaS_fit_forward_cache.m;tests/models/mrlfe/test_mrlfe_fit_fast_options_quality.m;tests/models/mrlfe/test_mrlfe_fit_synthetic_A0Like.m;tests/shared/fitting/test_fit_validation_mrlfe.m;tests/shared/fitting/test_fit_validation_mrlfe_hidden_params.m,none found,tests/app/execution_profiles/test_execution_profile_fit_curve_metadata.m;tests/app/execution_profiles/test_execution_profile_surface_metadata.m;tests/app/fitting/test_execution_profile_current_contract.m;tests/app/fitting/test_fit_tool_requested_curve_models.m;tests/app/fitting/test_gui_fit_registry_contract.m;tests/app/fitting/test_gui_mrlfe_fit_full_curve_fast_contract.m;tests/app/fitting/test_gui_mrlfe_fit_route_policy_contract.m;tests/app/fitting/test_gui_mrlfe_fixed_etaS_fit_contract.m;tests/app/fitting/test_mrlfe_fit_grid_policy_performance.m;tests/app/fitting/test_mrlfe_fit_public_solver_characterization.m;tests/app/fitting/test_mrlfe_fit_public_solver_parameter_regression.m;tests/app/fitting/test_mrlfe_fit_uses_public_solver.m;tests/models/mrlfe/test_mrlfe_etaS_fit_forward_cache.m;tests/models/mrlfe/test_mrlfe_fit_fast_options_quality.m;tests/models/mrlfe/test_mrlfe_fit_synthetic_A0Like.m;tests/shared/fitting/test_fit_validation_mrlfe.m;tests/shared/fitting/test_fit_validation_mrlfe_hidden_params.m,docs/repository/maintained_entrypoints.md,retain,,low,"focused mRLFE tests",git-tracked; exact token callers=27; test references=17; documentation references=1,""
analysis/mrlfe/mrlfeEvaluateFitModel.m,.m,analysis,147,130,shared reusable support,"request, fitting, sweep, or diagnostic helper",1,analysis/execution_profiles/benchmarkMRLFEExecutionProfiles.m;analysis/execution_profiles/validateExecutionProfileMatrix.m;analysis/mrlfe/mrlfeBuildFitProblem.m;analysis/performance/run_execution_profile_benchmark.m;analysis/performance/run_execution_profile_regression_smoke.m;app/FitTool_GUI.m;app/fitting/guiEvaluateRequestedFitCurve.m;examples/mrlfe/diagnostics/diagnose_mrlfe_fit_performance.m;examples/mrlfe/fitting/fit_mrlfe_A0Like.m;tests/app/execution_profiles/test_execution_profile_fit_curve_metadata.m;tests/app/execution_profiles/test_execution_profile_surface_metadata.m;tests/app/fitting/test_execution_profile_current_contract.m;tests/app/fitting/test_fit_tool_requested_curve_models.m;tests/app/fitting/test_gui_fit_registry_contract.m;tests/app/fitting/test_gui_mrlfe_fit_full_curve_fast_contract.m;tests/app/fitting/test_gui_mrlfe_fit_route_policy_contract.m;tests/app/fitting/test_gui_mrlfe_fixed_etaS_fit_contract.m;tests/app/fitting/test_mrlfe_fit_grid_policy_performance.m;tests/app/fitting/test_mrlfe_fit_public_solver_characterization.m;tests/app/fitting/test_mrlfe_fit_public_solver_parameter_regression.m;tests/app/fitting/test_mrlfe_fit_uses_public_solver.m;tests/app/gui/test_mrlfe_main_gui_consumer_equivalence.m;tests/models/mrlfe/test_mrlfe_etaS_fit_forward_cache.m;tests/models/mrlfe/test_mrlfe_fit_fast_options_quality.m;tests/models/mrlfe/test_mrlfe_fit_synthetic_A0Like.m;tests/models/mrlfe/test_mrlfe_no_legacy_route_flags.m;tests/models/mrlfe/test_mrlfe_no_legacy_routes.m;tests/models/mrlfe/test_mrlfe_production_core_contract.m;tests/runners/run_core_smoke_tests.m;tests/shared/fitting/test_fit_validation_mrlfe.m;tests/shared/fitting/test_fit_validation_mrlfe_hidden_params.m,none found,tests/app/execution_profiles/test_execution_profile_fit_curve_metadata.m;tests/app/execution_profiles/test_execution_profile_surface_metadata.m;tests/app/fitting/test_execution_profile_current_contract.m;tests/app/fitting/test_fit_tool_requested_curve_models.m;tests/app/fitting/test_gui_fit_registry_contract.m;tests/app/fitting/test_gui_mrlfe_fit_full_curve_fast_contract.m;tests/app/fitting/test_gui_mrlfe_fit_route_policy_contract.m;tests/app/fitting/test_gui_mrlfe_fixed_etaS_fit_contract.m;tests/app/fitting/test_mrlfe_fit_grid_policy_performance.m;tests/app/fitting/test_mrlfe_fit_public_solver_characterization.m;tests/app/fitting/test_mrlfe_fit_public_solver_parameter_regression.m;tests/app/fitting/test_mrlfe_fit_uses_public_solver.m;tests/app/gui/test_mrlfe_main_gui_consumer_equivalence.m;tests/models/mrlfe/test_mrlfe_etaS_fit_forward_cache.m;tests/models/mrlfe/test_mrlfe_fit_fast_options_quality.m;tests/models/mrlfe/test_mrlfe_fit_synthetic_A0Like.m;tests/models/mrlfe/test_mrlfe_no_legacy_route_flags.m;tests/models/mrlfe/test_mrlfe_no_legacy_routes.m;tests/models/mrlfe/test_mrlfe_production_core_contract.m;tests/runners/run_core_smoke_tests.m;tests/shared/fitting/test_fit_validation_mrlfe.m;tests/shared/fitting/test_fit_validation_mrlfe_hidden_params.m,docs/models/mrlfe/README.md;docs/models/mrlfe/fitting_workflow.md;docs/models/mrlfe/production_core.md;docs/models/mrlfe/public_api.md;docs/repository/maintained_entrypoints.md;docs/repository/mrlfe_line_and_repository_density_audit.md;docs/workflows/fitting/architecture.md;docs/workflows/gui/mrlfe_atlas_policy_integration.md,retain,,low,"focused mRLFE tests",git-tracked; exact token callers=31; test references=22; documentation references=8,""
analysis/mrlfe/mrlfeFitDispersionData.m,.m,analysis,97,83,shared reusable support,"request, fitting, sweep, or diagnostic helper",1,app/adapters/guiFitMRLFESolver.m;examples/mrlfe/fitting/fit_mrlfe_A0Like.m;tests/app/fitting/test_gui_mrlfe_fit_full_curve_fast_contract.m;tests/app/fitting/test_mrlfe_fit_uses_public_solver.m;tests/models/mrlfe/test_mrlfe_etaS_fit_forward_cache.m;tests/models/mrlfe/test_mrlfe_fit_synthetic_A0Like.m;tests/models/mrlfe/test_mrlfe_no_legacy_routes.m;tests/runners/run_core_smoke_tests.m;tests/shared/fitting/test_fit_validation_mrlfe.m;tests/shared/fitting/test_fit_validation_mrlfe_hidden_params.m,none found,tests/app/fitting/test_gui_mrlfe_fit_full_curve_fast_contract.m;tests/app/fitting/test_mrlfe_fit_uses_public_solver.m;tests/models/mrlfe/test_mrlfe_etaS_fit_forward_cache.m;tests/models/mrlfe/test_mrlfe_fit_synthetic_A0Like.m;tests/models/mrlfe/test_mrlfe_no_legacy_routes.m;tests/runners/run_core_smoke_tests.m;tests/shared/fitting/test_fit_validation_mrlfe.m;tests/shared/fitting/test_fit_validation_mrlfe_hidden_params.m,docs/models/mrlfe/fitting_workflow.md;docs/models/mrlfe/production_core.md;docs/models/mrlfe/public_api.md;docs/repository/maintained_entrypoints.md;docs/repository/mrlfe_line_and_repository_density_audit.md;docs/workflows/fitting/architecture.md,retain,,low,"focused mRLFE tests",git-tracked; exact token callers=10; test references=8; documentation references=6,""
analysis/mrlfe/mrlfeMakeSweepSpec.m,.m,analysis,62,50,shared reusable support,"request, fitting, sweep, or diagnostic helper",1,analysis/mrlfe/mrlfeRunSweepExample.m,none found,,docs/repository/maintained_entrypoints.md,retain,,low,"focused mRLFE tests",git-tracked; exact token callers=1; test references=0; documentation references=1,""
analysis/mrlfe/mrlfeModelCandidateNames.m,.m,analysis,17,13,shared reusable support,"request, fitting, sweep, or diagnostic helper",1,app/adapters/guiNormalizeMRLFESweep.m;app/adapters/guiNormalizeRawResult.m;tests/models/mrlfe/test_mrlfe_maintained_entrypoints_naming.m;tests/models/mrlfe/test_mrlfe_model_candidate_names.m;tests/runners/run_mrlfe_smoke_tests.m,none found,tests/models/mrlfe/test_mrlfe_maintained_entrypoints_naming.m;tests/models/mrlfe/test_mrlfe_model_candidate_names.m;tests/runners/run_mrlfe_smoke_tests.m,docs/repository/maintained_entrypoints.md,retain,,low,"focused mRLFE tests",git-tracked; exact token callers=5; test references=3; documentation references=1,""
analysis/mrlfe/mrlfeOutputFolder.m,.m,analysis,17,10,shared reusable support,"request, fitting, sweep, or diagnostic helper",1,analysis/mrlfe/mrlfeWriteSweepOutputs.m;tests/shared/utilities/test_model_output_folder_helpers.m,none found,tests/shared/utilities/test_model_output_folder_helpers.m,docs/repository/maintained_entrypoints.md,retain,,low,"focused mRLFE tests",git-tracked; exact token callers=2; test references=1; documentation references=1,""
analysis/mrlfe/mrlfeRunSweepExample.m,.m,analysis,110,95,shared reusable support,"request, fitting, sweep, or diagnostic helper",1,examples/mrlfe/sweeps/mrlfe_sweep_etaS_A0Like.m;examples/mrlfe/sweeps/mrlfe_sweep_etaS_S0Like.m;examples/mrlfe/sweeps/mrlfe_sweep_mu_A0Like.m;examples/mrlfe/sweeps/mrlfe_sweep_mu_S0Like.m;examples/mrlfe/sweeps/mrlfe_sweep_thickness_A0Like.m;examples/mrlfe/sweeps/mrlfe_sweep_thickness_S0Like.m,none found,,docs/repository/maintained_entrypoints.md;docs/workflows/sweeps/parametric_sweeps.md,retain,,low,"focused mRLFE tests",git-tracked; exact token callers=6; test references=0; documentation references=2,""
analysis/mrlfe/mrlfeSaveExampleFigure.m,.m,analysis,19,14,shared reusable support,"request, fitting, sweep, or diagnostic helper",1,analysis/mrlfe/mrlfeRunSweepExample.m,none found,,docs/repository/maintained_entrypoints.md,retain,,low,"focused mRLFE tests",git-tracked; exact token callers=1; test references=0; documentation references=1,""
analysis/mrlfe/mrlfeSelectRealKBranches.m,.m,analysis,34,21,shared reusable support,"request, fitting, sweep, or diagnostic helper",1,examples/mrlfe/diagnostics/archive/diagnose_mrlfe_visco_validity_breakdown.m;examples/mrlfe/diagnostics/archive/stress_test_mrlfe_real_k_range.m;tests/models/mrlfe/test_mrlfe_etaS_zero_diagnostic_selection.m;tests/models/mrlfe/test_mrlfe_maintained_entrypoints_naming.m;tests/runners/run_mrlfe_smoke_tests.m,none found,tests/models/mrlfe/test_mrlfe_etaS_zero_diagnostic_selection.m;tests/models/mrlfe/test_mrlfe_maintained_entrypoints_naming.m;tests/runners/run_mrlfe_smoke_tests.m,docs/repository/maintained_entrypoints.md,retain,,low,"focused mRLFE tests",git-tracked; exact token callers=5; test references=3; documentation references=1,""
analysis/mrlfe/mrlfeSetYoungModulusForShearPoisson.m,.m,analysis,28,14,shared reusable support,"request, fitting, sweep, or diagnostic helper",1,examples/mrlfe/diagnostics/archive/diagnose_mrlfe_visco_residual_landscape.m;examples/mrlfe/diagnostics/archive/diagnose_mrlfe_visco_validity_breakdown.m;examples/mrlfe/diagnostics/archive/stress_test_mrlfe_real_k_range.m;tests/models/mrlfe/test_mrlfe_diagnostic_material_sweep_contract.m;tests/models/mrlfe/test_mrlfe_etaS_zero_diagnostic_selection.m;tests/models/mrlfe/test_mrlfe_maintained_entrypoints_naming.m;tests/runners/run_mrlfe_smoke_tests.m,none found,tests/models/mrlfe/test_mrlfe_diagnostic_material_sweep_contract.m;tests/models/mrlfe/test_mrlfe_etaS_zero_diagnostic_selection.m;tests/models/mrlfe/test_mrlfe_maintained_entrypoints_naming.m;tests/runners/run_mrlfe_smoke_tests.m,docs/repository/maintained_entrypoints.md,retain,,low,"focused mRLFE tests",git-tracked; exact token callers=7; test references=4; documentation references=1,""
analysis/mrlfe/mrlfeWriteSweepOutputs.m,.m,analysis,16,10,shared reusable support,"request, fitting, sweep, or diagnostic helper",1,analysis/mrlfe/mrlfeRunSweepExample.m,none found,,docs/repository/maintained_entrypoints.md,retain,,low,"focused mRLFE tests",git-tracked; exact token callers=1; test references=0; documentation references=1,""
analysis/mrlfe/summarizeMRLFETrackingQuality.m,.m,analysis,159,136,diagnostic-only helper,"current tracking quality summarizer",0,analysis/mrlfe/compareMRLFETrackingStrategies.m;analysis/repository_audit/buildRepositoryDensityAudit.m;tests/models/mrlfe/test_mrlfe_maintained_entrypoints_naming.m;tests/models/mrlfe/test_mrlfe_tracking_quality_summary.m;tests/runners/run_mrlfe_smoke_tests.m,explicit dynamic reference,tests/models/mrlfe/test_mrlfe_maintained_entrypoints_naming.m;tests/models/mrlfe/test_mrlfe_tracking_quality_summary.m;tests/runners/run_mrlfe_smoke_tests.m,README.md;docs/repository/maintained_entrypoints.md,retain,,low,"focused mRLFE tests",git-tracked; exact token callers=5; test references=3; documentation references=2,""
analysis/repository_audit/mrlfe_duplication_matrix.csv,.csv,analysis,15,15,supporting evidence,"mRLFE-related tracked artifact",0,,none,not applicable,docs/repository/mrlfe_line_and_repository_density_audit.md,retain,,low,"static path/reference validation",git-tracked; exact token callers=0; test references=0; documentation references=1,""
analysis/repository_audit/mrlfe_file_decisions.csv,.csv,analysis,162,162,supporting evidence,"mRLFE-related tracked artifact",0,,none,not applicable,docs/repository/mrlfe_line_and_repository_density_audit.md,retain,,low,"static path/reference validation",git-tracked; exact token callers=0; test references=0; documentation references=1,""
app/adapters/guiBuildMRLFECompatibilityResult.m,.m,app,32,24,application/interface line,"mRLFE surface adapter",1,app/adapters/guiRunMRLFEModel.m;app/adapters/guiRunMRLFESweep.m,none found,,docs/repository/mrlfe_line_and_repository_cleanup_report.md,refactor,thin orchestrator plus shared request/result metadata helpers,high,"surface public-solver test plus parity characterization",git-tracked; exact token callers=2; test references=0; documentation references=1,""
app/adapters/guiFitMRLFESolver.m,.m,app,108,95,application/interface line,"mRLFE surface adapter",1,analysis/repository_audit/buildRepositoryDensityAudit.m;app/fitting/guiRunFit.m;tests/app/fitting/test_gui_mrlfe_fit_route_policy_contract.m;tests/app/fitting/test_gui_mrlfe_fixed_etaS_fit_contract.m;tests/app/fitting/test_mrlfe_fit_public_solver_parameter_regression.m;tests/app/fitting/test_mrlfe_fit_uses_public_solver.m;tests/models/mrlfe/test_mrlfe_no_legacy_route_flags.m;tests/models/mrlfe/test_mrlfe_no_legacy_routes.m;tests/models/mrlfe/test_mrlfe_production_core_contract.m;tests/runners/run_gui_smoke_tests.m,explicit dynamic reference,tests/app/fitting/test_gui_mrlfe_fit_route_policy_contract.m;tests/app/fitting/test_gui_mrlfe_fixed_etaS_fit_contract.m;tests/app/fitting/test_mrlfe_fit_public_solver_parameter_regression.m;tests/app/fitting/test_mrlfe_fit_uses_public_solver.m;tests/models/mrlfe/test_mrlfe_no_legacy_route_flags.m;tests/models/mrlfe/test_mrlfe_no_legacy_routes.m;tests/models/mrlfe/test_mrlfe_production_core_contract.m;tests/runners/run_gui_smoke_tests.m,docs/models/mrlfe/fitting_workflow.md;docs/models/mrlfe/production_core.md;docs/models/mrlfe/public_api.md;docs/repository/maintained_entrypoints.md;docs/repository/mrlfe_line_and_repository_density_audit.md;docs/workflows/fitting/architecture.md;docs/workflows/gui/adapter_architecture.md;docs/workflows/gui/mrlfe_atlas_policy_integration.md,refactor,thin orchestrator plus shared request/result metadata helpers,high,"surface public-solver test plus parity characterization",git-tracked; exact token callers=10; test references=8; documentation references=8,""
app/adapters/guiNormalizeMRLFESweep.m,.m,app,111,95,application/interface line,"mRLFE surface adapter",1,app/adapters/guiRunMRLFESweep.m;tests/runners/run_gui_smoke_tests.m,none found,tests/runners/run_gui_smoke_tests.m,docs/repository/maintained_entrypoints.md;docs/repository/mrlfe_line_and_repository_density_audit.md;docs/workflows/gui/adapter_architecture.md;docs/workflows/sweeps/sweep_tool_usage.md,refactor,thin orchestrator plus shared request/result metadata helpers,high,"surface public-solver test plus parity characterization",git-tracked; exact token callers=2; test references=1; documentation references=4,""
app/adapters/guiRunMRLFEModel.m,.m,app,130,115,application/interface line,"mRLFE surface adapter",1,analysis/execution_profiles/benchmarkMRLFEExecutionProfiles.m;analysis/execution_profiles/validateExecutionProfileMatrix.m;analysis/repository_audit/buildRepositoryDensityAudit.m;app/LambFundamental_GUI.m;tests/app/execution_profiles/test_execution_profile_surface_metadata.m;tests/app/gui/test_gui_normalized_adapters_smoke.m;tests/app/gui/test_mrlfe_main_gui_characterization.m;tests/app/gui/test_mrlfe_main_gui_consumer_equivalence.m;tests/app/gui/test_mrlfe_main_gui_result_contract.m;tests/app/gui/test_mrlfe_main_gui_uses_public_solver.m;tests/app/sweeps/test_mrlfe_sweep_uses_public_solver.m;tests/models/mrlfe/test_mrlfe_legacy_cleanup_characterization.m;tests/models/mrlfe/test_mrlfe_maintained_entrypoints_naming.m;tests/models/mrlfe/test_mrlfe_no_legacy_route_flags.m;tests/models/mrlfe/test_mrlfe_no_legacy_routes.m;tests/models/mrlfe/test_mrlfe_production_core_contract.m;tests/runners/run_gui_smoke_tests.m,explicit dynamic reference,tests/app/execution_profiles/test_execution_profile_surface_metadata.m;tests/app/gui/test_gui_normalized_adapters_smoke.m;tests/app/gui/test_mrlfe_main_gui_characterization.m;tests/app/gui/test_mrlfe_main_gui_consumer_equivalence.m;tests/app/gui/test_mrlfe_main_gui_result_contract.m;tests/app/gui/test_mrlfe_main_gui_uses_public_solver.m;tests/app/sweeps/test_mrlfe_sweep_uses_public_solver.m;tests/models/mrlfe/test_mrlfe_legacy_cleanup_characterization.m;tests/models/mrlfe/test_mrlfe_maintained_entrypoints_naming.m;tests/models/mrlfe/test_mrlfe_no_legacy_route_flags.m;tests/models/mrlfe/test_mrlfe_no_legacy_routes.m;tests/models/mrlfe/test_mrlfe_production_core_contract.m;tests/runners/run_gui_smoke_tests.m,docs/models/mrlfe/README.md;docs/models/mrlfe/production_core.md;docs/models/mrlfe/public_api.md;docs/repository/maintained_entrypoints.md;docs/repository/mrlfe_line_and_repository_density_audit.md;docs/workflows/gui/adapter_architecture.md;docs/workflows/gui/mrlfe_atlas_policy_integration.md;docs/workflows/sweeps/sweep_tool_usage.md,refactor,thin orchestrator plus shared request/result metadata helpers,high,"surface public-solver test plus parity characterization",git-tracked; exact token callers=17; test references=13; documentation references=8,""
app/adapters/guiRunMRLFESweep.m,.m,app,159,145,application/interface line,"mRLFE surface adapter",1,analysis/repository_audit/buildRepositoryDensityAudit.m;app/sweep/guiRunSweep.m;tests/app/gui/test_mrlfe_main_gui_consumer_equivalence.m;tests/app/sweeps/test_mrlfe_sweep_metadata_and_mapping.m;tests/app/sweeps/test_mrlfe_sweep_point_characterization.m;tests/app/sweeps/test_mrlfe_sweep_uses_public_solver.m;tests/models/mrlfe/test_mrlfe_maintained_entrypoints_naming.m;tests/models/mrlfe/test_mrlfe_no_legacy_route_flags.m;tests/models/mrlfe/test_mrlfe_no_legacy_routes.m;tests/runners/run_gui_smoke_tests.m,explicit dynamic reference,tests/app/gui/test_mrlfe_main_gui_consumer_equivalence.m;tests/app/sweeps/test_mrlfe_sweep_metadata_and_mapping.m;tests/app/sweeps/test_mrlfe_sweep_point_characterization.m;tests/app/sweeps/test_mrlfe_sweep_uses_public_solver.m;tests/models/mrlfe/test_mrlfe_maintained_entrypoints_naming.m;tests/models/mrlfe/test_mrlfe_no_legacy_route_flags.m;tests/models/mrlfe/test_mrlfe_no_legacy_routes.m;tests/runners/run_gui_smoke_tests.m,docs/models/mrlfe/README.md;docs/models/mrlfe/production_core.md;docs/models/mrlfe/public_api.md;docs/repository/maintained_entrypoints.md;docs/repository/mrlfe_line_and_repository_density_audit.md;docs/workflows/gui/adapter_architecture.md;docs/workflows/gui/mrlfe_atlas_policy_integration.md;docs/workflows/sweeps/sweep_tool_usage.md,refactor,thin orchestrator plus shared request/result metadata helpers,high,"surface public-solver test plus parity characterization",git-tracked; exact token callers=10; test references=8; documentation references=8,""
app/mrlfeBuildSurfaceExecutionMetadata.m,.m,app,86,78,supporting evidence,"mRLFE-related tracked artifact",0,app/adapters/guiFitMRLFESolver.m;app/adapters/guiRunMRLFEModel.m;app/adapters/guiRunMRLFESweep.m,none found,,docs/repository/mrlfe_line_and_repository_cleanup_report.md;docs/repository/mrlfe_line_and_repository_density_audit.md,retain,,low,"static path/reference validation",git-tracked; exact token callers=3; test references=0; documentation references=2,""
app/mrlfeResolveExecutionProfile.m,.m,app,107,95,supporting evidence,"mRLFE-related tracked artifact",0,analysis/execution_profiles/benchmarkMRLFEExecutionProfiles.m;analysis/performance/run_execution_profile_regression_smoke.m;analysis/repository_audit/buildRepositoryDensityAudit.m;app/FitTool_GUI.m;app/adapters/guiFitMRLFESolver.m;app/adapters/guiRunMRLFESweep.m;tests/app/execution_profiles/test_execution_profile_cleanup_contract.m;tests/app/execution_profiles/test_execution_profile_diagnostics_format.m;tests/app/execution_profiles/test_execution_profile_state_transition_contract.m;tests/app/execution_profiles/test_execution_profile_surface_integration.m;tests/app/execution_profiles/test_model_execution_profile_resolvers.m;tests/runners/run_gui_smoke_tests.m,explicit dynamic reference,tests/app/execution_profiles/test_execution_profile_cleanup_contract.m;tests/app/execution_profiles/test_execution_profile_diagnostics_format.m;tests/app/execution_profiles/test_execution_profile_state_transition_contract.m;tests/app/execution_profiles/test_execution_profile_surface_integration.m;tests/app/execution_profiles/test_model_execution_profile_resolvers.m;tests/runners/run_gui_smoke_tests.m,docs/repository/mrlfe_line_and_repository_density_audit.md;docs/validation/execution_profile_end_to_end_validation.md,retain,,low,"static path/reference validation",git-tracked; exact token callers=12; test references=6; documentation references=2,""
docs/models/mrlfe/README.md,.md,docs,55,38,documentation,"index",1,,none,not applicable,README.md;docs/README.md;docs/models/acoustoelastic_iop_hgo/documentation_index.md;docs/models/mrlfe/diagnostics/README.md;docs/models/mrlfe/diagnostics/tracker_diagnostic_summary.md;docs/project/README.md;docs/project/templates/codex_task.md;docs/project/templates/new_chat_bootstrap.md;docs/project/templates/session_closeout.md;docs/repository/maintained_entrypoints.md;docs/repository/repository_hygiene_plan.md;docs/repository/repository_structure.md;docs/repository/test_runner_ownership.md;docs/repository/validation_status.md;tests/README.md,retain,,low,"static path/reference validation",git-tracked; exact token callers=0; test references=0; documentation references=15,""
docs/models/mrlfe/current_sweeps.md,.md,docs,32,22,documentation,"active validation procedure",1,,none,not applicable,docs/README.md;docs/models/mrlfe/README.md;docs/repository/maintained_entrypoints.md,retain,,low,"static path/reference validation",git-tracked; exact token callers=0; test references=0; documentation references=3,""
docs/models/mrlfe/diagnostics/README.md,.md,docs,14,10,documentation,"index",1,,none,not applicable,README.md;docs/README.md;docs/models/acoustoelastic_iop_hgo/documentation_index.md;docs/models/mrlfe/README.md;docs/models/mrlfe/diagnostics/tracker_diagnostic_summary.md;docs/project/README.md;docs/project/templates/codex_task.md;docs/project/templates/new_chat_bootstrap.md;docs/project/templates/session_closeout.md;docs/repository/maintained_entrypoints.md;docs/repository/repository_hygiene_plan.md;docs/repository/repository_structure.md;docs/repository/test_runner_ownership.md;docs/repository/validation_status.md;tests/README.md,retain,,low,"static path/reference validation",git-tracked; exact token callers=0; test references=0; documentation references=15,""
docs/models/mrlfe/diagnostics/tracker_diagnostic_summary.md,.md,docs,38,29,documentation,"active usage guide",0,,none,not applicable,docs/README.md;docs/models/mrlfe/diagnostics/README.md;docs/repository/maintained_entrypoints.md,retain,,low,"static path/reference validation",git-tracked; exact token callers=0; test references=0; documentation references=3,""
docs/models/mrlfe/fitting_workflow.md,.md,docs,140,99,documentation,"active validation procedure",1,,none,not applicable,docs/README.md;docs/models/acoustoelastic_iop_hgo/README.md;docs/models/acoustoelastic_iop_hgo/active/README.md;docs/models/acoustoelastic_iop_hgo/documentation_index.md;docs/models/mrlfe/README.md;docs/models/mrlfe/diagnostics/README.md;docs/models/mrlfe/diagnostics/tracker_diagnostic_summary.md;docs/models/rayleigh_lamb/public_api.md;docs/project/README.md;docs/project/active_context.md;docs/repository/maintained_entrypoints.md;docs/workflows/fitting/README.md;docs/workflows/fitting/architecture.md,retain,,low,"static path/reference validation",git-tracked; exact token callers=0; test references=0; documentation references=13,""
docs/models/mrlfe/production_core.md,.md,docs,197,152,documentation,"active contract",1,,none,not applicable,docs/models/mrlfe/README.md;docs/models/mrlfe/diagnostics/README.md;docs/models/mrlfe/diagnostics/tracker_diagnostic_summary.md;docs/project/README.md;docs/project/active_context.md;docs/workflows/gui/adapter_architecture.md,retain,,low,"static path/reference validation",git-tracked; exact token callers=0; test references=0; documentation references=6,""
docs/models/mrlfe/public_api.md,.md,docs,294,227,documentation,"active contract",1,,none,not applicable,docs/README.md;docs/models/acoustoelastic_iop_hgo/README.md;docs/models/acoustoelastic_iop_hgo/active/README.md;docs/models/acoustoelastic_iop_hgo/documentation_index.md;docs/models/mrlfe/README.md;docs/models/mrlfe/diagnostics/README.md;docs/models/mrlfe/diagnostics/tracker_diagnostic_summary.md;docs/models/rayleigh_lamb/overview.md;docs/project/README.md;docs/project/active_context.md;docs/repository/mrlfe_line_and_repository_density_audit.md;docs/repository/repository_structure.md;docs/repository/validation_status.md;docs/workflows/gui/adapter_architecture.md,retain,,low,"static path/reference validation",git-tracked; exact token callers=0; test references=0; documentation references=14,""
docs/repository/mrlfe_line_and_repository_cleanup_report.md,.md,docs,70,56,documentation,"active cleanup closeout",1,,none,not applicable,docs/project/active_context.md;docs/project/session_handoff.md,retain,,low,"static path/reference validation",git-tracked; exact token callers=0; test references=0; documentation references=2,""
docs/repository/mrlfe_line_and_repository_density_audit.md,.md,docs,515,415,documentation,"active architecture/diagnostic plan",1,,none,not applicable,docs/README.md;docs/repository/repository_hygiene_plan.md,retain,,low,"static path/reference validation",git-tracked; exact token callers=0; test references=0; documentation references=2,""
docs/validation/mrlfe_execution_profile_benchmark.md,.md,docs,32,24,documentation,"active validation procedure",1,,none,not applicable,docs/README.md;docs/architecture/decisions/ADR-002-execution-profile-semantics.md,retain,,low,"static path/reference validation",git-tracked; exact token callers=0; test references=0; documentation references=2,""
docs/validation/mrlfe_grid_presets.md,.md,docs,108,72,documentation,"active validation procedure",1,,none,not applicable,docs/models/mrlfe/README.md;docs/repository/validation_status.md;docs/workflows/fitting/architecture.md,retain,,low,"static path/reference validation",git-tracked; exact token callers=0; test references=0; documentation references=3,""
docs/validation/mrlfe_robust_start.md,.md,docs,88,64,documentation,"active validation procedure",1,,none,not applicable,,retain,,low,"static path/reference validation",git-tracked; exact token callers=0; test references=0; documentation references=0,""
docs/workflows/gui/mrlfe_atlas_policy_integration.md,.md,docs,351,255,documentation,"active validation procedure",1,,none,not applicable,docs/README.md;docs/repository/maintained_entrypoints.md;docs/repository/mrlfe_line_and_repository_density_audit.md;docs/workflows/sweeps/sweep_tool_usage.md,retain,,low,"static path/reference validation",git-tracked; exact token callers=0; test references=0; documentation references=4,""
examples/mrlfe/basic/compare_mrlfe_elastic_vs_visco_cp.m,.m,examples,260,218,examples and diagnostics,"executable example or diagnostic",0,tests/models/mrlfe/test_mrlfe_maintained_entrypoints_naming.m,none found,tests/models/mrlfe/test_mrlfe_maintained_entrypoints_naming.m,README.md,retain,,low,"startup resolution and focused manual execution",git-tracked; exact token callers=1; test references=1; documentation references=1,""
examples/mrlfe/basic/run_mrlfe_prototype.m,.m,examples,59,48,examples and diagnostics,"executable example or diagnostic",0,,none found,,,retain,,low,"startup resolution and focused manual execution",git-tracked; exact token callers=0; test references=0; documentation references=0,""
examples/mrlfe/diagnostics/README.md,.md,examples,29,23,documentation,"index",1,,none,not applicable,README.md;docs/README.md;docs/models/acoustoelastic_iop_hgo/documentation_index.md;docs/models/mrlfe/README.md;docs/models/mrlfe/diagnostics/README.md;docs/models/mrlfe/diagnostics/tracker_diagnostic_summary.md;docs/project/README.md;docs/project/templates/codex_task.md;docs/project/templates/new_chat_bootstrap.md;docs/project/templates/session_closeout.md;docs/repository/maintained_entrypoints.md;docs/repository/repository_hygiene_plan.md;docs/repository/repository_structure.md;docs/repository/test_runner_ownership.md;docs/repository/validation_status.md;tests/README.md,retain,,low,"static path/reference validation",git-tracked; exact token callers=0; test references=0; documentation references=16,""
examples/mrlfe/diagnostics/archive/compare_mrlfe_tracker_vs_condition_peaks.m,.m,examples,277,230,one-off investigation,"pre-public-route numerical investigation",0,analysis/repository_audit/buildRepositoryDensityAudit.m;tests/models/mrlfe/test_mrlfe_maintained_entrypoints_naming.m,explicit dynamic reference,tests/models/mrlfe/test_mrlfe_maintained_entrypoints_naming.m,,archive,docs/models/mrlfe/diagnostics/tracker_diagnostic_summary.md,low,"startup resolution and focused manual execution",git-tracked; exact token callers=2; test references=1; documentation references=0,""
examples/mrlfe/diagnostics/archive/diagnose_mrlfe_gui_performance_32kHz.m,.m,examples,189,157,one-off investigation,"pre-public-route numerical investigation",0,analysis/repository_audit/buildRepositoryDensityAudit.m,explicit dynamic reference,,,archive,docs/models/mrlfe/diagnostics/tracker_diagnostic_summary.md,low,"startup resolution and focused manual execution",git-tracked; exact token callers=1; test references=0; documentation references=0,""
examples/mrlfe/diagnostics/archive/diagnose_mrlfe_visco_residual_landscape.m,.m,examples,324,281,one-off investigation,"pre-public-route numerical investigation",0,analysis/repository_audit/buildRepositoryDensityAudit.m,explicit dynamic reference,,,archive,docs/models/mrlfe/diagnostics/tracker_diagnostic_summary.md,low,"startup resolution and focused manual execution",git-tracked; exact token callers=1; test references=0; documentation references=0,""
examples/mrlfe/diagnostics/archive/diagnose_mrlfe_visco_validity_breakdown.m,.m,examples,228,186,one-off investigation,"pre-public-route numerical investigation",0,analysis/repository_audit/buildRepositoryDensityAudit.m,explicit dynamic reference,,,archive,docs/models/mrlfe/diagnostics/tracker_diagnostic_summary.md,low,"startup resolution and focused manual execution",git-tracked; exact token callers=1; test references=0; documentation references=0,""
examples/mrlfe/diagnostics/archive/stress_test_mrlfe_real_k_range.m,.m,examples,308,264,one-off investigation,"pre-public-route numerical investigation",0,analysis/repository_audit/buildRepositoryDensityAudit.m;tests/models/mrlfe/test_mrlfe_maintained_entrypoints_naming.m,explicit dynamic reference,tests/models/mrlfe/test_mrlfe_maintained_entrypoints_naming.m,,archive,docs/models/mrlfe/diagnostics/tracker_diagnostic_summary.md,low,"startup resolution and focused manual execution",git-tracked; exact token callers=2; test references=1; documentation references=0,""
examples/mrlfe/diagnostics/diagnose_mrlfe_atlas_primary_policy_matrix.m,.m,examples,89,66,repeatable diagnostic,"maintained atlas-policy contract diagnostic",0,analysis/repository_audit/buildRepositoryDensityAudit.m;tests/models/mrlfe/test_mrlfe_maintained_entrypoints_naming.m,explicit dynamic reference,tests/models/mrlfe/test_mrlfe_maintained_entrypoints_naming.m,README.md;docs/repository/maintained_entrypoints.md;docs/repository/mrlfe_line_and_repository_cleanup_report.md;examples/mrlfe/diagnostics/README.md,retain,,low,"startup resolution and focused manual execution",git-tracked; exact token callers=2; test references=1; documentation references=4,""
examples/mrlfe/diagnostics/diagnose_mrlfe_fit_performance.m,.m,examples,95,80,performance characterization,"consolidated public-route fit and cache diagnostic",0,analysis/repository_audit/buildRepositoryDensityAudit.m;tests/models/mrlfe/test_mrlfe_maintained_entrypoints_naming.m,explicit dynamic reference,tests/models/mrlfe/test_mrlfe_maintained_entrypoints_naming.m,README.md;docs/models/mrlfe/diagnostics/tracker_diagnostic_summary.md;docs/repository/maintained_entrypoints.md;docs/repository/mrlfe_line_and_repository_cleanup_report.md;examples/mrlfe/diagnostics/README.md,retain,,low,"startup resolution and focused manual execution",git-tracked; exact token callers=2; test references=1; documentation references=5,""
examples/mrlfe/diagnostics/run_mrlfe_targeted_grid_validation.m,.m,examples,194,174,repeatable diagnostic,"current public preset validation",0,analysis/repository_audit/buildRepositoryDensityAudit.m,explicit dynamic reference,,README.md;docs/repository/maintained_entrypoints.md;docs/validation/mrlfe_grid_presets.md;examples/mrlfe/diagnostics/README.md,retain,,low,"startup resolution and focused manual execution",git-tracked; exact token callers=1; test references=0; documentation references=4,""
examples/mrlfe/diagnostics/validate_grid_presets.m,.m,examples,327,286,repeatable diagnostic,"current public preset validation",0,analysis/repository_audit/buildRepositoryDensityAudit.m;examples/mrlfe/diagnostics/validate_grid_presets_full.m,explicit dynamic reference,,README.md;docs/repository/maintained_entrypoints.md;docs/validation/mrlfe_robust_start.md;examples/mrlfe/diagnostics/README.md,retain,,low,"startup resolution and focused manual execution",git-tracked; exact token callers=2; test references=0; documentation references=4,""
examples/mrlfe/diagnostics/validate_grid_presets_full.m,.m,examples,56,41,repeatable diagnostic,"current public preset validation",0,analysis/repository_audit/buildRepositoryDensityAudit.m,explicit dynamic reference,,README.md;docs/repository/maintained_entrypoints.md;examples/mrlfe/diagnostics/README.md,retain,,low,"startup resolution and focused manual execution",git-tracked; exact token callers=1; test references=0; documentation references=3,""
examples/mrlfe/fitting/fit_mrlfe_A0Like.m,.m,examples,76,60,examples and diagnostics,"executable example or diagnostic",0,,none found,,README.md;docs/repository/maintained_entrypoints.md,retain,,low,"startup resolution and focused manual execution",git-tracked; exact token callers=0; test references=0; documentation references=2,""
examples/mrlfe/sweeps/mrlfe_sweep_etaS_A0Like.m,.m,examples,24,14,examples and diagnostics,"executable example or diagnostic",0,tests/models/mrlfe/test_mrlfe_maintained_entrypoints_naming.m;tests/runners/run_mrlfe_smoke_tests.m,none found,tests/models/mrlfe/test_mrlfe_maintained_entrypoints_naming.m;tests/runners/run_mrlfe_smoke_tests.m,README.md;docs/models/mrlfe/current_sweeps.md;docs/repository/maintained_entrypoints.md;docs/workflows/sweeps/parametric_sweeps.md,retain,,low,"startup resolution and focused manual execution",git-tracked; exact token callers=2; test references=2; documentation references=4,""
examples/mrlfe/sweeps/mrlfe_sweep_etaS_S0Like.m,.m,examples,24,14,examples and diagnostics,"executable example or diagnostic",0,tests/models/mrlfe/test_mrlfe_maintained_entrypoints_naming.m;tests/runners/run_mrlfe_smoke_tests.m,none found,tests/models/mrlfe/test_mrlfe_maintained_entrypoints_naming.m;tests/runners/run_mrlfe_smoke_tests.m,README.md;docs/models/mrlfe/current_sweeps.md;docs/repository/maintained_entrypoints.md;docs/workflows/sweeps/parametric_sweeps.md,retain,,low,"startup resolution and focused manual execution",git-tracked; exact token callers=2; test references=2; documentation references=4,""
examples/mrlfe/sweeps/mrlfe_sweep_mu_A0Like.m,.m,examples,24,14,examples and diagnostics,"executable example or diagnostic",0,tests/models/mrlfe/test_mrlfe_maintained_entrypoints_naming.m;tests/runners/run_mrlfe_smoke_tests.m,none found,tests/models/mrlfe/test_mrlfe_maintained_entrypoints_naming.m;tests/runners/run_mrlfe_smoke_tests.m,README.md;docs/models/mrlfe/current_sweeps.md;docs/repository/maintained_entrypoints.md;docs/workflows/sweeps/parametric_sweeps.md,retain,,low,"startup resolution and focused manual execution",git-tracked; exact token callers=2; test references=2; documentation references=4,""
examples/mrlfe/sweeps/mrlfe_sweep_mu_S0Like.m,.m,examples,24,14,examples and diagnostics,"executable example or diagnostic",0,tests/models/mrlfe/test_mrlfe_maintained_entrypoints_naming.m;tests/runners/run_mrlfe_smoke_tests.m,none found,tests/models/mrlfe/test_mrlfe_maintained_entrypoints_naming.m;tests/runners/run_mrlfe_smoke_tests.m,README.md;docs/models/mrlfe/current_sweeps.md;docs/repository/maintained_entrypoints.md;docs/workflows/sweeps/parametric_sweeps.md,retain,,low,"startup resolution and focused manual execution",git-tracked; exact token callers=2; test references=2; documentation references=4,""
examples/mrlfe/sweeps/mrlfe_sweep_thickness_A0Like.m,.m,examples,24,14,examples and diagnostics,"executable example or diagnostic",0,tests/models/mrlfe/test_mrlfe_maintained_entrypoints_naming.m;tests/runners/run_mrlfe_smoke_tests.m,none found,tests/models/mrlfe/test_mrlfe_maintained_entrypoints_naming.m;tests/runners/run_mrlfe_smoke_tests.m,README.md;docs/models/mrlfe/current_sweeps.md;docs/repository/maintained_entrypoints.md;docs/workflows/sweeps/parametric_sweeps.md,retain,,low,"startup resolution and focused manual execution",git-tracked; exact token callers=2; test references=2; documentation references=4,""
examples/mrlfe/sweeps/mrlfe_sweep_thickness_S0Like.m,.m,examples,6,5,examples and diagnostics,"executable example or diagnostic",0,tests/models/mrlfe/test_mrlfe_maintained_entrypoints_naming.m;tests/runners/run_mrlfe_smoke_tests.m,none found,tests/models/mrlfe/test_mrlfe_maintained_entrypoints_naming.m;tests/runners/run_mrlfe_smoke_tests.m,README.md;docs/models/mrlfe/current_sweeps.md;docs/repository/maintained_entrypoints.md;docs/workflows/sweeps/parametric_sweeps.md,retain,,low,"startup resolution and focused manual execution",git-tracked; exact token callers=2; test references=2; documentation references=4,""
models/mrlfe/api/mrlfeDefaultOptions.m,.m,models,14,12,main production line,"public API or production solver helper",1,models/mrlfe/configuration/mrlfeResolveConfiguration.m;tests/models/mrlfe/test_mrlfe_public_contract_defaults.m;tests/runners/run_mrlfe_public_contract_tests.m,none found,tests/models/mrlfe/test_mrlfe_public_contract_defaults.m;tests/runners/run_mrlfe_public_contract_tests.m,docs/models/mrlfe/public_api.md;docs/repository/maintained_entrypoints.md,retain,,high,"public contract, production core, quick smoke",git-tracked; exact token callers=3; test references=2; documentation references=2,""
models/mrlfe/api/mrlfeDefaultParameters.m,.m,models,12,10,main production line,"public API or production solver helper",1,analysis/mrlfe/mrlfeBuildPublicSolveRequest.m;models/mrlfe/configuration/mrlfeResolveConfiguration.m;tests/models/mrlfe/test_mrlfe_public_contract_defaults.m;tests/runners/run_mrlfe_public_contract_tests.m,none found,tests/models/mrlfe/test_mrlfe_public_contract_defaults.m;tests/runners/run_mrlfe_public_contract_tests.m,docs/models/mrlfe/public_api.md;docs/repository/maintained_entrypoints.md,retain,,high,"public contract, production core, quick smoke",git-tracked; exact token callers=4; test references=2; documentation references=2,""
models/mrlfe/api/mrlfeSolve.m,.m,models,12,8,main production line,"public API or production solver helper",1,analysis/execution_profiles/benchmarkMRLFEExecutionProfiles.m;analysis/mrlfe/mrlfeEvaluateFitModel.m;analysis/test_inventory/buildTestInventory.m;app/adapters/guiFitMRLFESolver.m;app/adapters/guiRunMRLFEModel.m;app/adapters/guiRunMRLFESweep.m;app/mrlfeBuildSurfaceExecutionMetadata.m;examples/mrlfe/diagnostics/archive/compare_mrlfe_tracker_vs_condition_peaks.m;examples/mrlfe/diagnostics/archive/diagnose_mrlfe_visco_residual_landscape.m;examples/mrlfe/diagnostics/run_mrlfe_targeted_grid_validation.m;examples/mrlfe/diagnostics/validate_grid_presets.m;models/rayleigh_lamb/core/rlComputeFundamentalLambModes.m;tests/app/execution_profiles/test_execution_profile_cleanup_contract.m;tests/app/execution_profiles/test_execution_profile_state_transition_contract.m;tests/app/execution_profiles/test_execution_profile_surface_metadata.m;tests/app/execution_profiles/test_gui_execution_profile_normalization.m;tests/app/execution_profiles/test_model_execution_profile_resolvers.m;tests/app/execution_profiles/test_mrlfe_execution_profile_benchmark_contract.m;tests/app/fitting/test_fit_tool_interaction_helpers.m;tests/app/fitting/test_fit_tool_model_registry_contract.m;tests/app/fitting/test_gui_fit_registry_contract.m;tests/app/fitting/test_mrlfe_fit_public_solver_characterization.m;tests/app/fitting/test_mrlfe_fit_uses_public_solver.m;tests/app/gui/test_mrlfe_main_gui_characterization.m;tests/app/gui/test_mrlfe_main_gui_uses_public_solver.m;tests/app/sweeps/test_mrlfe_sweep_point_characterization.m;tests/app/sweeps/test_mrlfe_sweep_uses_public_solver.m;tests/models/acoustoelastic_iop_hgo/test_acoustoelastic_iop_hgo_atlasA0_smoke.m;tests/models/acoustoelastic_iop_hgo/test_acoustoelastic_iop_hgo_branch_persistence_refinement.m;tests/models/acoustoelastic_iop_hgo/test_acoustoelastic_iop_hgo_branch_policy_validation.m;tests/models/acoustoelastic_iop_hgo/test_acoustoelastic_iop_hgo_constitutive_identity.m;tests/models/acoustoelastic_iop_hgo/test_acoustoelastic_iop_hgo_fallback_invalidation.m;tests/models/acoustoelastic_iop_hgo/test_acoustoelastic_iop_hgo_internal_tracking_grid.m;tests/models/acoustoelastic_iop_hgo/test_ae_fit_synthetic_atlasA0.m;tests/models/mrlfe/test_mrlfe_diagnostic_material_sweep_contract.m;tests/models/mrlfe/test_mrlfe_elastic_reference_buffer.m;tests/models/mrlfe/test_mrlfe_etaS_fit_forward_cache.m;tests/models/mrlfe/test_mrlfe_etaS_zero_diagnostic_selection.m;tests/models/mrlfe/test_mrlfe_etaS_zero_limit.m;tests/models/mrlfe/test_mrlfe_fit_fast_options_quality.m;tests/models/mrlfe/test_mrlfe_fit_synthetic_A0Like.m;tests/models/mrlfe/test_mrlfe_internal_grid_quality_guard.m;tests/models/mrlfe/test_mrlfe_internal_tracking_grid.m;tests/models/mrlfe/test_mrlfe_internal_tracking_grid_with_buffer.m;tests/models/mrlfe/test_mrlfe_legacy_cleanup_characterization.m;tests/models/mrlfe/test_mrlfe_maintained_entrypoints_naming.m;tests/models/mrlfe/test_mrlfe_model_candidate_names.m;tests/models/mrlfe/test_mrlfe_neutral_tracker_termination_contract.m;tests/models/mrlfe/test_mrlfe_no_legacy_routes.m;tests/models/mrlfe/test_mrlfe_numerical_preset_grids.m;tests/models/mrlfe/test_mrlfe_production_core_characterization.m;tests/models/mrlfe/test_mrlfe_production_core_contract.m;tests/models/mrlfe/test_mrlfe_production_core_performance.m;tests/models/mrlfe/test_mrlfe_production_core_presets.m;tests/models/mrlfe/test_mrlfe_public_contract_characterization.m;tests/models/mrlfe/test_mrlfe_public_contract_defaults.m;tests/models/mrlfe/test_mrlfe_public_contract_result_schema.m;tests/models/mrlfe/test_mrlfe_public_contract_validation.m;tests/models/mrlfe/test_mrlfe_residual_objective_contract.m;tests/models/mrlfe/test_mrlfe_robust_start_contract.m;tests/models/mrlfe/test_mrlfe_smoke.m;tests/models/mrlfe/test_mrlfe_solve_frequency_override.m;tests/models/mrlfe/test_mrlfe_termination_policy.m;tests/models/mrlfe/test_mrlfe_tracking_quality_summary.m;tests/models/mrlfe/test_mrlfe_tracking_strategy_comparison.m;tests/models/mrlfe/test_mrlfe_viscous_default_internal_tracking_grid.m;tests/models/rayleigh_lamb/test_rl_fit_evaluator_branch_consistency.m;tests/models/rayleigh_lamb/test_rl_fit_synthetic_A0.m;tests/runners/run_acoustoelastic_smoke_tests.m;tests/runners/run_ae_extended_tests.m;tests/runners/run_ae_quick_tests.m;tests/runners/run_all_smoke_tests.m;tests/runners/run_core_contract_tests.m;tests/runners/run_core_numerical_regression_tests.m;tests/runners/run_core_smoke_tests.m;tests/runners/run_execution_profile_cleanup_tests.m;tests/runners/run_execution_profile_contract_tests.m;tests/runners/run_execution_profile_diagnostics_tests.m;tests/runners/run_execution_profile_end_to_end_tests.m;tests/runners/run_execution_profile_infrastructure_tests.m;tests/runners/run_execution_profile_integration_tests.m;tests/runners/run_execution_profile_surface_tests.m;tests/runners/run_extended_integration_tests.m;tests/runners/run_fit_tool_interaction_contract_tests.m;tests/runners/run_fit_tool_interaction_tests.m;tests/runners/run_fit_tool_requested_curve_tests.m;tests/runners/run_fit_validation_tests.m;tests/runners/run_gui_execution_profile_tests.m;tests/runners/run_gui_extended_tests.m;tests/runners/run_gui_quick_tests.m;tests/runners/run_gui_smoke_tests.m;tests/runners/run_mrlfe_fit_public_solver_tests.m;tests/runners/run_mrlfe_fitting_regression_tests.m;tests/runners/run_mrlfe_legacy_cleanup_tests.m;tests/runners/run_mrlfe_main_gui_public_solver_tests.m;tests/runners/run_mrlfe_neutral_production_helper_tests.m;tests/runners/run_mrlfe_production_core_contract_tests.m;tests/runners/run_mrlfe_production_core_extended_tests.m;tests/runners/run_mrlfe_production_core_performance_tests.m;tests/runners/run_mrlfe_production_core_tests.m;tests/runners/run_mrlfe_public_api_contract_tests.m;tests/runners/run_mrlfe_public_contract_tests.m;tests/runners/run_mrlfe_public_result_contract_tests.m;tests/runners/run_mrlfe_smoke_tests.m;tests/runners/run_mrlfe_sweeptool_public_solver_tests.m;tests/runners/run_numerical_regression_tests.m;tests/runners/run_performance_and_benchmark_tests.m;tests/runners/run_quick_contract_tests.m;tests/runners/run_quick_smoke_tests.m;tests/shared/fitting/test_fitting_helpers_smoke.m,explicit dynamic reference,tests/app/execution_profiles/test_execution_profile_cleanup_contract.m;tests/app/execution_profiles/test_execution_profile_state_transition_contract.m;tests/app/execution_profiles/test_execution_profile_surface_metadata.m;tests/app/execution_profiles/test_gui_execution_profile_normalization.m;tests/app/execution_profiles/test_model_execution_profile_resolvers.m;tests/app/execution_profiles/test_mrlfe_execution_profile_benchmark_contract.m;tests/app/fitting/test_fit_tool_interaction_helpers.m;tests/app/fitting/test_fit_tool_model_registry_contract.m;tests/app/fitting/test_gui_fit_registry_contract.m;tests/app/fitting/test_mrlfe_fit_public_solver_characterization.m;tests/app/fitting/test_mrlfe_fit_uses_public_solver.m;tests/app/gui/test_mrlfe_main_gui_characterization.m;tests/app/gui/test_mrlfe_main_gui_uses_public_solver.m;tests/app/sweeps/test_mrlfe_sweep_point_characterization.m;tests/app/sweeps/test_mrlfe_sweep_uses_public_solver.m;tests/models/acoustoelastic_iop_hgo/test_acoustoelastic_iop_hgo_atlasA0_smoke.m;tests/models/acoustoelastic_iop_hgo/test_acoustoelastic_iop_hgo_branch_persistence_refinement.m;tests/models/acoustoelastic_iop_hgo/test_acoustoelastic_iop_hgo_branch_policy_validation.m;tests/models/acoustoelastic_iop_hgo/test_acoustoelastic_iop_hgo_constitutive_identity.m;tests/models/acoustoelastic_iop_hgo/test_acoustoelastic_iop_hgo_fallback_invalidation.m;tests/models/acoustoelastic_iop_hgo/test_acoustoelastic_iop_hgo_internal_tracking_grid.m;tests/models/acoustoelastic_iop_hgo/test_ae_fit_synthetic_atlasA0.m;tests/models/mrlfe/test_mrlfe_diagnostic_material_sweep_contract.m;tests/models/mrlfe/test_mrlfe_elastic_reference_buffer.m;tests/models/mrlfe/test_mrlfe_etaS_fit_forward_cache.m;tests/models/mrlfe/test_mrlfe_etaS_zero_diagnostic_selection.m;tests/models/mrlfe/test_mrlfe_etaS_zero_limit.m;tests/models/mrlfe/test_mrlfe_fit_fast_options_quality.m;tests/models/mrlfe/test_mrlfe_fit_synthetic_A0Like.m;tests/models/mrlfe/test_mrlfe_internal_grid_quality_guard.m;tests/models/mrlfe/test_mrlfe_internal_tracking_grid.m;tests/models/mrlfe/test_mrlfe_internal_tracking_grid_with_buffer.m;tests/models/mrlfe/test_mrlfe_legacy_cleanup_characterization.m;tests/models/mrlfe/test_mrlfe_maintained_entrypoints_naming.m;tests/models/mrlfe/test_mrlfe_model_candidate_names.m;tests/models/mrlfe/test_mrlfe_neutral_tracker_termination_contract.m;tests/models/mrlfe/test_mrlfe_no_legacy_routes.m;tests/models/mrlfe/test_mrlfe_numerical_preset_grids.m;tests/models/mrlfe/test_mrlfe_production_core_characterization.m;tests/models/mrlfe/test_mrlfe_production_core_contract.m;tests/models/mrlfe/test_mrlfe_production_core_performance.m;tests/models/mrlfe/test_mrlfe_production_core_presets.m;tests/models/mrlfe/test_mrlfe_public_contract_characterization.m;tests/models/mrlfe/test_mrlfe_public_contract_defaults.m;tests/models/mrlfe/test_mrlfe_public_contract_result_schema.m;tests/models/mrlfe/test_mrlfe_public_contract_validation.m;tests/models/mrlfe/test_mrlfe_residual_objective_contract.m;tests/models/mrlfe/test_mrlfe_robust_start_contract.m;tests/models/mrlfe/test_mrlfe_smoke.m;tests/models/mrlfe/test_mrlfe_solve_frequency_override.m;tests/models/mrlfe/test_mrlfe_termination_policy.m;tests/models/mrlfe/test_mrlfe_tracking_quality_summary.m;tests/models/mrlfe/test_mrlfe_tracking_strategy_comparison.m;tests/models/mrlfe/test_mrlfe_viscous_default_internal_tracking_grid.m;tests/models/rayleigh_lamb/test_rl_fit_evaluator_branch_consistency.m;tests/models/rayleigh_lamb/test_rl_fit_synthetic_A0.m;tests/runners/run_acoustoelastic_smoke_tests.m;tests/runners/run_ae_extended_tests.m;tests/runners/run_ae_quick_tests.m;tests/runners/run_all_smoke_tests.m;tests/runners/run_core_contract_tests.m;tests/runners/run_core_numerical_regression_tests.m;tests/runners/run_core_smoke_tests.m;tests/runners/run_execution_profile_cleanup_tests.m;tests/runners/run_execution_profile_contract_tests.m;tests/runners/run_execution_profile_diagnostics_tests.m;tests/runners/run_execution_profile_end_to_end_tests.m;tests/runners/run_execution_profile_infrastructure_tests.m;tests/runners/run_execution_profile_integration_tests.m;tests/runners/run_execution_profile_surface_tests.m;tests/runners/run_extended_integration_tests.m;tests/runners/run_fit_tool_interaction_contract_tests.m;tests/runners/run_fit_tool_interaction_tests.m;tests/runners/run_fit_tool_requested_curve_tests.m;tests/runners/run_fit_validation_tests.m;tests/runners/run_gui_execution_profile_tests.m;tests/runners/run_gui_extended_tests.m;tests/runners/run_gui_quick_tests.m;tests/runners/run_gui_smoke_tests.m;tests/runners/run_mrlfe_fit_public_solver_tests.m;tests/runners/run_mrlfe_fitting_regression_tests.m;tests/runners/run_mrlfe_legacy_cleanup_tests.m;tests/runners/run_mrlfe_main_gui_public_solver_tests.m;tests/runners/run_mrlfe_neutral_production_helper_tests.m;tests/runners/run_mrlfe_production_core_contract_tests.m;tests/runners/run_mrlfe_production_core_extended_tests.m;tests/runners/run_mrlfe_production_core_performance_tests.m;tests/runners/run_mrlfe_production_core_tests.m;tests/runners/run_mrlfe_public_api_contract_tests.m;tests/runners/run_mrlfe_public_contract_tests.m;tests/runners/run_mrlfe_public_result_contract_tests.m;tests/runners/run_mrlfe_smoke_tests.m;tests/runners/run_mrlfe_sweeptool_public_solver_tests.m;tests/runners/run_numerical_regression_tests.m;tests/runners/run_performance_and_benchmark_tests.m;tests/runners/run_quick_contract_tests.m;tests/runners/run_quick_smoke_tests.m;tests/shared/fitting/test_fitting_helpers_smoke.m,README.md;docs/architecture/execution_profiles_surface_integration.md;docs/models/mrlfe/README.md;docs/models/mrlfe/fitting_workflow.md;docs/models/mrlfe/production_core.md;docs/models/mrlfe/public_api.md;docs/project/active_context.md;docs/repository/maintained_entrypoints.md;docs/repository/mrlfe_line_and_repository_cleanup_report.md;docs/repository/mrlfe_line_and_repository_density_audit.md;docs/repository/naming_strategy.md;docs/repository/test_suite_final_architecture.md;docs/repository/validation_status.md;docs/validation/mrlfe_robust_start.md;docs/workflows/fitting/architecture.md;docs/workflows/gui/adapter_architecture.md;docs/workflows/gui/mrlfe_atlas_policy_integration.md;docs/workflows/sweeps/sweep_tool_usage.md;examples/mrlfe/diagnostics/README.md,retain,,high,"public contract, production core, quick smoke",git-tracked; exact token callers=110; test references=98; documentation references=19,""
models/mrlfe/api/mrlfeValidateRequest.m,.m,models,85,71,main production line,"public API or production solver helper",1,models/mrlfe/configuration/mrlfeResolveConfiguration.m;tests/models/mrlfe/test_mrlfe_public_contract_validation.m;tests/runners/run_mrlfe_public_contract_tests.m,none found,tests/models/mrlfe/test_mrlfe_public_contract_validation.m;tests/runners/run_mrlfe_public_contract_tests.m,docs/repository/maintained_entrypoints.md;docs/repository/mrlfe_line_and_repository_density_audit.md,retain,,high,"public contract, production core, quick smoke",git-tracked; exact token callers=3; test references=2; documentation references=2,""
models/mrlfe/configuration/mrlfeGetNumericalPreset.m,.m,models,73,65,main production line,"public API or production solver helper",1,models/mrlfe/api/mrlfeValidateRequest.m;models/mrlfe/configuration/mrlfeResolveConfiguration.m;tests/models/mrlfe/test_mrlfe_numerical_preset_grids.m;tests/models/mrlfe/test_mrlfe_public_contract_defaults.m;tests/runners/run_mrlfe_public_contract_tests.m,none found,tests/models/mrlfe/test_mrlfe_numerical_preset_grids.m;tests/models/mrlfe/test_mrlfe_public_contract_defaults.m;tests/runners/run_mrlfe_public_contract_tests.m,docs/models/mrlfe/public_api.md;docs/repository/maintained_entrypoints.md;docs/repository/mrlfe_line_and_repository_density_audit.md,retain,,high,"public contract, production core, quick smoke",git-tracked; exact token callers=5; test references=3; documentation references=3,""
models/mrlfe/configuration/mrlfeResolveConfiguration.m,.m,models,180,161,main production line,"public API or production solver helper",1,analysis/repository_audit/buildRepositoryDensityAudit.m;models/mrlfe/api/mrlfeSolve.m;tests/models/mrlfe/test_mrlfe_neutral_seed_contract.m;tests/models/mrlfe/test_mrlfe_no_legacy_route_flags.m;tests/models/mrlfe/test_mrlfe_numerical_preset_grids.m;tests/models/mrlfe/test_mrlfe_public_contract_validation.m;tests/models/mrlfe/test_mrlfe_solve_frequency_override.m;tests/runners/run_mrlfe_public_contract_tests.m,explicit dynamic reference,tests/models/mrlfe/test_mrlfe_neutral_seed_contract.m;tests/models/mrlfe/test_mrlfe_no_legacy_route_flags.m;tests/models/mrlfe/test_mrlfe_numerical_preset_grids.m;tests/models/mrlfe/test_mrlfe_public_contract_validation.m;tests/models/mrlfe/test_mrlfe_solve_frequency_override.m;tests/runners/run_mrlfe_public_contract_tests.m,docs/models/mrlfe/production_core.md;docs/models/mrlfe/public_api.md;docs/repository/maintained_entrypoints.md;docs/repository/mrlfe_line_and_repository_density_audit.md,refactor,retain orchestrator; extract RL seed/internal option translation only,high,"public contract, production core, quick smoke",git-tracked; exact token callers=8; test references=6; documentation references=4,"Defaults, public validation, preset resolution, RL coupling, tracking and termination options are dense."
models/mrlfe/core/mrlfeBuildProblem.m,.m,models,47,38,main production line,"public API or production solver helper",1,models/mrlfe/api/mrlfeSolve.m;models/mrlfe/tracking/mrlfeTrackBranchRobustStart.m;tests/models/mrlfe/test_mrlfe_neutral_seed_contract.m;tests/models/mrlfe/test_mrlfe_numerical_preset_grids.m;tests/models/mrlfe/test_mrlfe_production_core_contract.m;tests/models/mrlfe/test_mrlfe_solve_frequency_override.m,none found,tests/models/mrlfe/test_mrlfe_neutral_seed_contract.m;tests/models/mrlfe/test_mrlfe_numerical_preset_grids.m;tests/models/mrlfe/test_mrlfe_production_core_contract.m;tests/models/mrlfe/test_mrlfe_solve_frequency_override.m,docs/models/mrlfe/production_core.md;docs/models/mrlfe/public_api.md;docs/repository/maintained_entrypoints.md;docs/repository/mrlfe_line_and_repository_density_audit.md,retain,,high,"public contract, production core, quick smoke",git-tracked; exact token callers=6; test references=4; documentation references=4,""
models/mrlfe/core/mrlfeMatrix.m,.m,models,80,58,main production line,"public API or production solver helper",1,models/mrlfe/core/objectiveMRLFEResidual.m;tests/models/mrlfe/test_mrlfe_maintained_entrypoints_naming.m,none found,tests/models/mrlfe/test_mrlfe_maintained_entrypoints_naming.m,,retain,,high,"public contract, production core, quick smoke",git-tracked; exact token callers=2; test references=1; documentation references=0,""
models/mrlfe/core/mrlfeResidual.m,.m,models,26,14,main production line,"public API or production solver helper",1,examples/mrlfe/diagnostics/archive/compare_mrlfe_tracker_vs_condition_peaks.m;examples/mrlfe/diagnostics/archive/diagnose_mrlfe_visco_residual_landscape.m;models/mrlfe/solvers/refineMRLFEComplexKRoot.m;models/mrlfe/solvers/refineMRLFERealKRoot.m;models/mrlfe/tracking/mrlfeTrackBranchAdaptive.m;tests/models/mrlfe/test_mrlfe_residual_objective_contract.m,none found,tests/models/mrlfe/test_mrlfe_residual_objective_contract.m,,retain,,high,"public contract, production core, quick smoke",git-tracked; exact token callers=6; test references=1; documentation references=0,""
models/mrlfe/core/mrlfeResolveSolveFrequencyGrid.m,.m,models,159,137,main production line,"public API or production solver helper",1,models/mrlfe/core/mrlfeBuildProblem.m,none found,,docs/validation/mrlfe_grid_presets.md,retain,,high,"public contract, production core, quick smoke",git-tracked; exact token callers=1; test references=0; documentation references=1,""
models/mrlfe/core/objectiveMRLFEResidual.m,.m,models,61,40,main production line,"public API or production solver helper",1,models/mrlfe/core/mrlfeResidual.m;tests/models/mrlfe/test_mrlfe_residual_objective_contract.m;tests/runners/run_mrlfe_smoke_tests.m,none found,tests/models/mrlfe/test_mrlfe_residual_objective_contract.m;tests/runners/run_mrlfe_smoke_tests.m,README.md;docs/repository/maintained_entrypoints.md,retain,,high,"public contract, production core, quick smoke",git-tracked; exact token callers=3; test references=2; documentation references=2,""
models/mrlfe/options/defaultMRLFEParams.m,.m,models,17,13,main production line,"public API or production solver helper",1,analysis/execution_profiles/benchmarkMRLFEExecutionProfiles.m;analysis/execution_profiles/validateExecutionProfileMatrix.m;analysis/mrlfe/compareMRLFETrackingStrategies.m;analysis/mrlfe/mrlfeBuildFitProblem.m;analysis/mrlfe/mrlfeDefaultSweepOptions.m;analysis/runParametricSweep.m;app/LambFundamental_GUI.m;app/SweepTool_GUI.m;app/adapters/guiRunMRLFEModel.m;app/mrlfeResolveExecutionProfile.m;examples/mrlfe/basic/compare_mrlfe_elastic_vs_visco_cp.m;examples/mrlfe/diagnostics/archive/compare_mrlfe_tracker_vs_condition_peaks.m;examples/mrlfe/diagnostics/archive/diagnose_mrlfe_gui_performance_32kHz.m;examples/mrlfe/diagnostics/archive/diagnose_mrlfe_visco_residual_landscape.m;examples/mrlfe/diagnostics/diagnose_mrlfe_atlas_primary_policy_matrix.m;models/mrlfe/configuration/mrlfeResolveConfiguration.m;models/rayleigh_lamb/core/rlComputeFundamentalLambModes.m;tests/app/execution_profiles/test_execution_profile_surface_metadata.m;tests/app/gui/test_gui_normalized_adapters_smoke.m;tests/app/gui/test_mrlfe_main_gui_characterization.m;tests/app/gui/test_mrlfe_main_gui_consumer_equivalence.m;tests/app/gui/test_mrlfe_main_gui_result_contract.m;tests/app/gui/test_mrlfe_main_gui_uses_public_solver.m;tests/models/mrlfe/test_mrlfe_elastic_reference_buffer.m;tests/models/mrlfe/test_mrlfe_etaS_zero_diagnostic_selection.m;tests/models/mrlfe/test_mrlfe_etaS_zero_limit.m;tests/models/mrlfe/test_mrlfe_internal_tracking_grid.m;tests/models/mrlfe/test_mrlfe_internal_tracking_grid_with_buffer.m;tests/models/mrlfe/test_mrlfe_legacy_cleanup_characterization.m;tests/models/mrlfe/test_mrlfe_model_candidate_names.m;tests/models/mrlfe/test_mrlfe_residual_objective_contract.m;tests/models/mrlfe/test_mrlfe_smoke.m;tests/models/mrlfe/test_mrlfe_tracking_quality_summary.m;tests/models/mrlfe/test_mrlfe_viscous_default_internal_tracking_grid.m;tests/shared/regression/test_lightweight_numerical_regression.m,none found,tests/app/execution_profiles/test_execution_profile_surface_metadata.m;tests/app/gui/test_gui_normalized_adapters_smoke.m;tests/app/gui/test_mrlfe_main_gui_characterization.m;tests/app/gui/test_mrlfe_main_gui_consumer_equivalence.m;tests/app/gui/test_mrlfe_main_gui_result_contract.m;tests/app/gui/test_mrlfe_main_gui_uses_public_solver.m;tests/models/mrlfe/test_mrlfe_elastic_reference_buffer.m;tests/models/mrlfe/test_mrlfe_etaS_zero_diagnostic_selection.m;tests/models/mrlfe/test_mrlfe_etaS_zero_limit.m;tests/models/mrlfe/test_mrlfe_internal_tracking_grid.m;tests/models/mrlfe/test_mrlfe_internal_tracking_grid_with_buffer.m;tests/models/mrlfe/test_mrlfe_legacy_cleanup_characterization.m;tests/models/mrlfe/test_mrlfe_model_candidate_names.m;tests/models/mrlfe/test_mrlfe_residual_objective_contract.m;tests/models/mrlfe/test_mrlfe_smoke.m;tests/models/mrlfe/test_mrlfe_tracking_quality_summary.m;tests/models/mrlfe/test_mrlfe_viscous_default_internal_tracking_grid.m;tests/shared/regression/test_lightweight_numerical_regression.m,,retain,,high,"public contract, production core, quick smoke",git-tracked; exact token callers=35; test references=18; documentation references=0,""
models/mrlfe/policies/mrlfeApplyTerminationPolicy.m,.m,models,40,35,main production line,"public API or production solver helper",1,models/mrlfe/solvers/mrlfeSolveElasticBranch.m;models/mrlfe/solvers/mrlfeSolveViscoelasticBranch.m;tests/models/mrlfe/test_mrlfe_production_core_contract.m,none found,tests/models/mrlfe/test_mrlfe_production_core_contract.m,docs/models/mrlfe/production_core.md;docs/models/mrlfe/public_api.md;docs/repository/maintained_entrypoints.md;docs/repository/mrlfe_line_and_repository_density_audit.md;docs/validation/mrlfe_robust_start.md,retain,,high,"public contract, production core, quick smoke",git-tracked; exact token callers=3; test references=1; documentation references=5,""
models/mrlfe/policies/mrlfeEvaluatePhysicalTail.m,.m,models,126,113,main production line,"public API or production solver helper",1,models/mrlfe/policies/mrlfeApplyTerminationPolicy.m,none found,,docs/models/mrlfe/production_core.md;docs/models/mrlfe/public_api.md;docs/repository/maintained_entrypoints.md;docs/repository/mrlfe_line_and_repository_density_audit.md,retain,,high,"public contract, production core, quick smoke",git-tracked; exact token callers=1; test references=0; documentation references=4,""
models/mrlfe/quality/mrlfeEvaluateBranchQuality.m,.m,models,59,53,main production line,"public API or production solver helper",1,models/mrlfe/results/mrlfeBuildResult.m;tests/runners/run_mrlfe_public_contract_tests.m,none found,tests/runners/run_mrlfe_public_contract_tests.m,docs/repository/maintained_entrypoints.md;docs/repository/mrlfe_line_and_repository_density_audit.md,retain,,high,"public contract, production core, quick smoke",git-tracked; exact token callers=2; test references=1; documentation references=2,""
models/mrlfe/results/mrlfeBuildInternalBranchResult.m,.m,models,124,110,main production line,"public API or production solver helper",1,analysis/repository_audit/buildRepositoryDensityAudit.m;models/mrlfe/solvers/mrlfeSolveElasticBranch.m;models/mrlfe/solvers/mrlfeSolveViscoelasticBranch.m,explicit dynamic reference,,docs/models/mrlfe/production_core.md;docs/repository/mrlfe_line_and_repository_density_audit.md,refactor,stable public diagnostics plus explicit debug-only raw internals,high,"public contract, production core, quick smoke",git-tracked; exact token callers=3; test references=0; documentation references=2,"Current public result exposes the complete raw internal result and RL seed result."
models/mrlfe/results/mrlfeBuildResult.m,.m,models,108,96,main production line,"public API or production solver helper",1,analysis/repository_audit/buildRepositoryDensityAudit.m;models/mrlfe/api/mrlfeSolve.m;tests/runners/run_mrlfe_public_contract_tests.m,explicit dynamic reference,tests/runners/run_mrlfe_public_contract_tests.m,docs/models/mrlfe/production_core.md;docs/models/mrlfe/public_api.md;docs/repository/maintained_entrypoints.md;docs/repository/mrlfe_line_and_repository_density_audit.md,refactor,stable public diagnostics plus explicit debug-only raw internals,high,"public contract, production core, quick smoke",git-tracked; exact token callers=3; test references=1; documentation references=4,"Current public result exposes the complete raw internal result and RL seed result."
models/mrlfe/solvers/mrlfeSolveBranch.m,.m,models,13,11,main production line,"public API or production solver helper",1,models/mrlfe/api/mrlfeSolve.m;tests/models/mrlfe/test_mrlfe_production_core_contract.m,none found,tests/models/mrlfe/test_mrlfe_production_core_contract.m,docs/models/mrlfe/production_core.md;docs/models/mrlfe/public_api.md;docs/repository/maintained_entrypoints.md;docs/repository/mrlfe_line_and_repository_density_audit.md,retain,,high,"public contract, production core, quick smoke",git-tracked; exact token callers=2; test references=1; documentation references=4,""
models/mrlfe/solvers/mrlfeSolveElasticBranch.m,.m,models,41,35,main production line,"public API or production solver helper",1,models/mrlfe/solvers/mrlfeSolveBranch.m;tests/models/mrlfe/test_mrlfe_production_core_contract.m,none found,tests/models/mrlfe/test_mrlfe_production_core_contract.m,docs/models/mrlfe/production_core.md;docs/models/mrlfe/public_api.md;docs/repository/maintained_entrypoints.md;docs/repository/mrlfe_line_and_repository_density_audit.md;docs/validation/mrlfe_robust_start.md,retain,,high,"public contract, production core, quick smoke",git-tracked; exact token callers=2; test references=1; documentation references=5,""
models/mrlfe/solvers/mrlfeSolveViscoelasticBranch.m,.m,models,85,76,main production line,"public API or production solver helper",1,models/mrlfe/solvers/mrlfeSolveBranch.m;tests/models/mrlfe/test_mrlfe_production_core_contract.m,none found,tests/models/mrlfe/test_mrlfe_production_core_contract.m,docs/models/mrlfe/production_core.md;docs/models/mrlfe/public_api.md;docs/repository/maintained_entrypoints.md;docs/repository/mrlfe_line_and_repository_density_audit.md;docs/validation/mrlfe_robust_start.md,retain,,high,"public contract, production core, quick smoke",git-tracked; exact token callers=2; test references=1; documentation references=5,""
models/mrlfe/solvers/refineMRLFEComplexKRoot.m,.m,models,98,75,main production line,"public API or production solver helper",1,,none found,,,retain,,high,"public contract, production core, quick smoke",git-tracked; exact token callers=0; test references=0; documentation references=0,""
models/mrlfe/solvers/refineMRLFERealKRoot.m,.m,models,224,191,main production line,"public API or production solver helper",1,,none found,,,retain,,high,"public contract, production core, quick smoke",git-tracked; exact token callers=0; test references=0; documentation references=0,""
models/mrlfe/tracking/mrlfeBuildSeed.m,.m,models,99,88,main production line,"public API or production solver helper",1,models/mrlfe/solvers/mrlfeSolveElasticBranch.m;models/mrlfe/solvers/mrlfeSolveViscoelasticBranch.m;models/mrlfe/tracking/mrlfeTrackBranchRobustStart.m;tests/models/mrlfe/test_mrlfe_neutral_seed_contract.m;tests/models/mrlfe/test_mrlfe_production_core_contract.m,none found,tests/models/mrlfe/test_mrlfe_neutral_seed_contract.m;tests/models/mrlfe/test_mrlfe_production_core_contract.m,docs/models/mrlfe/production_core.md;docs/models/mrlfe/public_api.md;docs/repository/maintained_entrypoints.md;docs/repository/mrlfe_line_and_repository_density_audit.md;docs/validation/mrlfe_robust_start.md,retain,,high,"public contract, production core, quick smoke",git-tracked; exact token callers=5; test references=2; documentation references=5,""
models/mrlfe/tracking/mrlfeTrackBranchAdaptive.m,.m,models,378,336,main production line,"public API or production solver helper",1,analysis/repository_audit/buildRepositoryDensityAudit.m;models/mrlfe/tracking/mrlfeTrackBranchRobustStart.m;tests/app/fitting/test_mrlfe_fit_uses_public_solver.m;tests/app/gui/test_mrlfe_main_gui_uses_public_solver.m;tests/app/sweeps/test_mrlfe_sweep_uses_public_solver.m;tests/models/mrlfe/test_mrlfe_maintained_entrypoints_naming.m;tests/models/mrlfe/test_mrlfe_production_core_contract.m,explicit dynamic reference,tests/app/fitting/test_mrlfe_fit_uses_public_solver.m;tests/app/gui/test_mrlfe_main_gui_uses_public_solver.m;tests/app/sweeps/test_mrlfe_sweep_uses_public_solver.m;tests/models/mrlfe/test_mrlfe_maintained_entrypoints_naming.m;tests/models/mrlfe/test_mrlfe_production_core_contract.m,docs/models/mrlfe/production_core.md;docs/models/mrlfe/public_api.md;docs/repository/maintained_entrypoints.md;docs/repository/mrlfe_line_and_repository_density_audit.md;docs/validation/mrlfe_robust_start.md,retain,,high,"public contract, production core, quick smoke",git-tracked; exact token callers=7; test references=5; documentation references=5,""
models/mrlfe/tracking/mrlfeTrackBranchRobustStart.m,.m,models,196,163,main production line,"public API or production solver helper",1,models/mrlfe/solvers/mrlfeSolveElasticBranch.m;models/mrlfe/solvers/mrlfeSolveViscoelasticBranch.m,none found,,docs/repository/mrlfe_line_and_repository_density_audit.md;docs/validation/mrlfe_robust_start.md,retain,,high,"public contract, production core, quick smoke",git-tracked; exact token callers=2; test references=0; documentation references=2,""
models/rayleigh_lamb/core/rlComputeFundamentalLambModes.m,.m,models,243,210,legacy/compatibility,"RL compatibility host for mRLFE model aliases",1,analysis/mrlfe/compareMRLFETrackingStrategies.m;analysis/performance/run_execution_profile_benchmark.m;analysis/performance/run_execution_profile_regression_smoke.m;analysis/repository_audit/buildRepositoryDensityAudit.m;analysis/runParametricSweep.m;analysis/test_inventory/buildTestInventory.m;app/adapters/guiRunRayleighLambModel.m;examples/mrlfe/basic/compare_mrlfe_elastic_vs_visco_cp.m;examples/mrlfe/basic/run_mrlfe_prototype.m;examples/mrlfe/diagnostics/archive/compare_mrlfe_tracker_vs_condition_peaks.m;examples/mrlfe/diagnostics/archive/diagnose_mrlfe_gui_performance_32kHz.m;examples/mrlfe/diagnostics/archive/diagnose_mrlfe_visco_residual_landscape.m;examples/mrlfe/diagnostics/archive/diagnose_mrlfe_visco_validity_breakdown.m;examples/mrlfe/diagnostics/archive/stress_test_mrlfe_real_k_range.m;examples/rayleigh_lamb/basic/run_default_A0.m;examples/rayleigh_lamb/basic/run_default_A0_S0.m;examples/rayleigh_lamb/validation/check_default_outputs.m;models/mrlfe/core/mrlfeBuildProblem.m;models/rayleigh_lamb/core/rlDefaultOptions.m;tests/app/execution_profiles/test_execution_profile_surface_metadata.m;tests/models/mrlfe/test_mrlfe_elastic_reference_buffer.m;tests/models/mrlfe/test_mrlfe_etaS_zero_diagnostic_selection.m;tests/models/mrlfe/test_mrlfe_etaS_zero_limit.m;tests/models/mrlfe/test_mrlfe_internal_tracking_grid.m;tests/models/mrlfe/test_mrlfe_internal_tracking_grid_with_buffer.m;tests/models/mrlfe/test_mrlfe_maintained_entrypoints_naming.m;tests/models/mrlfe/test_mrlfe_model_candidate_names.m;tests/models/mrlfe/test_mrlfe_smoke.m;tests/models/mrlfe/test_mrlfe_tracking_quality_summary.m;tests/models/mrlfe/test_mrlfe_viscous_default_internal_tracking_grid.m;tests/models/rayleigh_lamb/test_rl_fit_evaluator_branch_consistency.m;tests/runners/run_core_smoke_tests.m;tests/shared/regression/test_lightweight_numerical_regression.m,explicit dynamic reference,tests/app/execution_profiles/test_execution_profile_surface_metadata.m;tests/models/mrlfe/test_mrlfe_elastic_reference_buffer.m;tests/models/mrlfe/test_mrlfe_etaS_zero_diagnostic_selection.m;tests/models/mrlfe/test_mrlfe_etaS_zero_limit.m;tests/models/mrlfe/test_mrlfe_internal_tracking_grid.m;tests/models/mrlfe/test_mrlfe_internal_tracking_grid_with_buffer.m;tests/models/mrlfe/test_mrlfe_maintained_entrypoints_naming.m;tests/models/mrlfe/test_mrlfe_model_candidate_names.m;tests/models/mrlfe/test_mrlfe_smoke.m;tests/models/mrlfe/test_mrlfe_tracking_quality_summary.m;tests/models/mrlfe/test_mrlfe_viscous_default_internal_tracking_grid.m;tests/models/rayleigh_lamb/test_rl_fit_evaluator_branch_consistency.m;tests/runners/run_core_smoke_tests.m;tests/shared/regression/test_lightweight_numerical_regression.m,docs/models/rayleigh_lamb/overview.md;docs/models/rayleigh_lamb/public_api.md;docs/repository/maintained_entrypoints.md;docs/repository/mrlfe_line_and_repository_density_audit.md,refactor,consume stable public result adapter instead of rawInternalResult,high,"RL/mRLFE smoke and compatibility result tests",git-tracked; exact token callers=33; test references=14; documentation references=4,""
tests/app/execution_profiles/test_mrlfe_execution_profile_benchmark_contract.m,.m,tests,60,53,tests and runners,"mRLFE contract or integration coverage",0,analysis/test_inventory/buildTestOwnership.m;analysis/test_inventory/runtime_measurement_plan.m;tests/runners/run_execution_profile_diagnostics_tests.m,none found,tests/runners/run_execution_profile_diagnostics_tests.m,docs/repository/test_runner_ownership.md;docs/repository/test_suite_runtime_evidence.md,retain,,low,"canonical owner and inventory validation",git-tracked; exact token callers=3; test references=1; documentation references=2,""
tests/app/fitting/test_gui_mrlfe_fit_full_curve_fast_contract.m,.m,tests,71,61,tests and runners,"mRLFE contract or integration coverage",0,analysis/test_inventory/buildTestOwnership.m;tests/runners/run_gui_extended_tests.m,none found,tests/runners/run_gui_extended_tests.m,docs/repository/maintained_entrypoints.md;docs/repository/test_suite_runtime_evidence.md;docs/workflows/gui/mrlfe_atlas_policy_integration.md;tests/README.md,retain,,low,"canonical owner and inventory validation",git-tracked; exact token callers=2; test references=1; documentation references=4,""
tests/app/fitting/test_gui_mrlfe_fit_route_policy_contract.m,.m,tests,102,86,tests and runners,"mRLFE contract or integration coverage",0,analysis/test_inventory/buildTestOwnership.m;tests/runners/run_gui_extended_tests.m,none found,tests/runners/run_gui_extended_tests.m,docs/repository/maintained_entrypoints.md;docs/repository/test_suite_runtime_evidence.md;docs/workflows/gui/mrlfe_atlas_policy_integration.md;tests/README.md,retain,,low,"canonical owner and inventory validation",git-tracked; exact token callers=2; test references=1; documentation references=4,""
tests/app/fitting/test_gui_mrlfe_fixed_etaS_fit_contract.m,.m,tests,57,48,tests and runners,"mRLFE contract or integration coverage",0,analysis/test_inventory/buildTestOwnership.m;tests/runners/run_gui_extended_tests.m,none found,tests/runners/run_gui_extended_tests.m,docs/repository/maintained_entrypoints.md;docs/repository/test_suite_runtime_evidence.md;docs/workflows/gui/mrlfe_atlas_policy_integration.md;tests/README.md,retain,,low,"canonical owner and inventory validation",git-tracked; exact token callers=2; test references=1; documentation references=4,""
tests/app/fitting/test_mrlfe_fit_grid_policy_performance.m,.m,tests,89,74,tests and runners,"mRLFE contract or integration coverage",0,analysis/test_inventory/buildTestOwnership.m;analysis/test_inventory/runtime_measurement_plan.m;tests/runners/run_performance_and_benchmark_tests.m,none found,tests/runners/run_performance_and_benchmark_tests.m,docs/repository/test_runner_ownership.md;docs/repository/test_suite_runtime_evidence.md,retain,,low,"canonical owner and inventory validation",git-tracked; exact token callers=3; test references=1; documentation references=2,""
tests/app/fitting/test_mrlfe_fit_public_solver_characterization.m,.m,tests,87,75,tests and runners,"mRLFE contract or integration coverage",0,tests/runners/run_mrlfe_fit_public_solver_tests.m,none found,tests/runners/run_mrlfe_fit_public_solver_tests.m,docs/repository/maintained_entrypoints.md;docs/repository/test_suite_runtime_evidence.md;tests/README.md,retain,,low,"canonical owner and inventory validation",git-tracked; exact token callers=1; test references=1; documentation references=3,""
tests/app/fitting/test_mrlfe_fit_public_solver_parameter_regression.m,.m,tests,127,113,tests and runners,"mRLFE contract or integration coverage",0,tests/runners/run_mrlfe_fit_public_solver_tests.m,none found,tests/runners/run_mrlfe_fit_public_solver_tests.m,docs/repository/maintained_entrypoints.md;docs/repository/test_suite_runtime_evidence.md;tests/README.md,retain,,low,"canonical owner and inventory validation",git-tracked; exact token callers=1; test references=1; documentation references=3,""
tests/app/fitting/test_mrlfe_fit_uses_public_solver.m,.m,tests,45,38,tests and runners,"mRLFE contract or integration coverage",0,tests/runners/run_mrlfe_fit_public_solver_tests.m,none found,tests/runners/run_mrlfe_fit_public_solver_tests.m,docs/repository/maintained_entrypoints.md;docs/repository/mrlfe_line_and_repository_density_audit.md;docs/repository/test_suite_runtime_evidence.md;tests/README.md,retain,,low,"canonical owner and inventory validation",git-tracked; exact token callers=1; test references=1; documentation references=4,""
tests/app/gui/test_mrlfe_main_gui_characterization.m,.m,tests,83,72,tests and runners,"mRLFE contract or integration coverage",0,analysis/test_inventory/runtime_measurement_plan.m;tests/runners/run_mrlfe_main_gui_public_solver_tests.m,none found,tests/runners/run_mrlfe_main_gui_public_solver_tests.m,docs/repository/maintained_entrypoints.md;docs/repository/test_runner_ownership.md;docs/repository/test_suite_runtime_evidence.md,retain,,low,"canonical owner and inventory validation",git-tracked; exact token callers=2; test references=1; documentation references=3,""
tests/app/gui/test_mrlfe_main_gui_consumer_equivalence.m,.m,tests,99,86,tests and runners,"mRLFE contract or integration coverage",0,tests/runners/run_mrlfe_main_gui_public_solver_tests.m,none found,tests/runners/run_mrlfe_main_gui_public_solver_tests.m,docs/repository/maintained_entrypoints.md;docs/repository/test_suite_runtime_evidence.md,retain,,low,"canonical owner and inventory validation",git-tracked; exact token callers=1; test references=1; documentation references=2,""
tests/app/gui/test_mrlfe_main_gui_result_contract.m,.m,tests,76,67,tests and runners,"mRLFE contract or integration coverage",0,tests/runners/run_mrlfe_main_gui_public_solver_tests.m,none found,tests/runners/run_mrlfe_main_gui_public_solver_tests.m,docs/repository/maintained_entrypoints.md;docs/repository/test_suite_runtime_evidence.md;docs/repository/validation_status.md,retain,,low,"canonical owner and inventory validation",git-tracked; exact token callers=1; test references=1; documentation references=3,""
tests/app/gui/test_mrlfe_main_gui_uses_public_solver.m,.m,tests,70,61,tests and runners,"mRLFE contract or integration coverage",0,tests/runners/run_mrlfe_main_gui_public_solver_tests.m,none found,tests/runners/run_mrlfe_main_gui_public_solver_tests.m,docs/repository/maintained_entrypoints.md;docs/repository/mrlfe_line_and_repository_density_audit.md;docs/repository/test_suite_runtime_evidence.md,retain,,low,"canonical owner and inventory validation",git-tracked; exact token callers=1; test references=1; documentation references=3,""
tests/app/sweeps/test_mrlfe_sweep_metadata_and_mapping.m,.m,tests,93,81,tests and runners,"mRLFE contract or integration coverage",0,tests/runners/run_mrlfe_sweeptool_public_solver_tests.m,none found,tests/runners/run_mrlfe_sweeptool_public_solver_tests.m,docs/repository/maintained_entrypoints.md;docs/repository/test_suite_runtime_evidence.md,retain,,low,"canonical owner and inventory validation",git-tracked; exact token callers=1; test references=1; documentation references=2,""
tests/app/sweeps/test_mrlfe_sweep_point_characterization.m,.m,tests,86,74,tests and runners,"mRLFE contract or integration coverage",0,analysis/test_inventory/runtime_measurement_plan.m;tests/runners/run_mrlfe_sweeptool_public_solver_tests.m,none found,tests/runners/run_mrlfe_sweeptool_public_solver_tests.m,docs/repository/maintained_entrypoints.md;docs/repository/test_runner_ownership.md;docs/repository/test_suite_runtime_evidence.md,retain,,low,"canonical owner and inventory validation",git-tracked; exact token callers=2; test references=1; documentation references=3,""
tests/app/sweeps/test_mrlfe_sweep_uses_public_solver.m,.m,tests,73,67,tests and runners,"mRLFE contract or integration coverage",0,tests/runners/run_mrlfe_sweeptool_public_solver_tests.m,none found,tests/runners/run_mrlfe_sweeptool_public_solver_tests.m,docs/repository/maintained_entrypoints.md;docs/repository/mrlfe_line_and_repository_density_audit.md;docs/repository/test_suite_runtime_evidence.md,retain,,low,"canonical owner and inventory validation",git-tracked; exact token callers=1; test references=1; documentation references=3,""
tests/models/mrlfe/test_mrlfe_diagnostic_material_sweep_contract.m,.m,tests,36,28,tests and runners,"mRLFE contract or integration coverage",0,tests/runners/run_mrlfe_smoke_tests.m,none found,tests/models/mrlfe/test_mrlfe_diagnostic_material_sweep_contract.m;tests/runners/run_mrlfe_smoke_tests.m,docs/repository/maintained_entrypoints.md;docs/repository/test_suite_runtime_evidence.md,retain,,low,"canonical owner and inventory validation",git-tracked; exact token callers=1; test references=2; documentation references=2,""
tests/models/mrlfe/test_mrlfe_elastic_reference_buffer.m,.m,tests,80,64,tests and runners,"mRLFE contract or integration coverage",0,tests/models/mrlfe/test_mrlfe_maintained_entrypoints_naming.m;tests/runners/run_mrlfe_smoke_tests.m,none found,tests/models/mrlfe/test_mrlfe_elastic_reference_buffer.m;tests/models/mrlfe/test_mrlfe_maintained_entrypoints_naming.m;tests/runners/run_mrlfe_smoke_tests.m,docs/repository/maintained_entrypoints.md;docs/repository/test_suite_runtime_evidence.md,retain,,low,"canonical owner and inventory validation",git-tracked; exact token callers=2; test references=3; documentation references=2,""
tests/models/mrlfe/test_mrlfe_etaS_fit_forward_cache.m,.m,tests,66,58,tests and runners,"mRLFE contract or integration coverage",0,analysis/test_inventory/buildTestOwnership.m;analysis/test_inventory/runtime_measurement_plan.m;tests/runners/run_mrlfe_fitting_regression_tests.m,none found,tests/runners/run_mrlfe_fitting_regression_tests.m,docs/repository/maintained_entrypoints.md;docs/repository/test_runner_ownership.md;docs/repository/test_suite_runtime_evidence.md,retain,,low,"canonical owner and inventory validation",git-tracked; exact token callers=3; test references=1; documentation references=3,""
tests/models/mrlfe/test_mrlfe_etaS_zero_diagnostic_selection.m,.m,tests,54,44,tests and runners,"mRLFE contract or integration coverage",0,tests/runners/run_mrlfe_smoke_tests.m,none found,tests/models/mrlfe/test_mrlfe_etaS_zero_diagnostic_selection.m;tests/runners/run_mrlfe_smoke_tests.m,docs/repository/maintained_entrypoints.md;docs/repository/test_suite_runtime_evidence.md,retain,,low,"canonical owner and inventory validation",git-tracked; exact token callers=1; test references=2; documentation references=2,""
tests/models/mrlfe/test_mrlfe_etaS_zero_limit.m,.m,tests,58,45,tests and runners,"mRLFE contract or integration coverage",0,tests/models/mrlfe/test_mrlfe_maintained_entrypoints_naming.m;tests/runners/run_mrlfe_smoke_tests.m,none found,tests/models/mrlfe/test_mrlfe_etaS_zero_limit.m;tests/models/mrlfe/test_mrlfe_maintained_entrypoints_naming.m;tests/runners/run_mrlfe_smoke_tests.m,docs/repository/maintained_entrypoints.md;docs/repository/test_suite_runtime_evidence.md,retain,,low,"canonical owner and inventory validation",git-tracked; exact token callers=2; test references=3; documentation references=2,""
tests/models/mrlfe/test_mrlfe_fit_fast_options_quality.m,.m,tests,148,130,tests and runners,"mRLFE contract or integration coverage",0,analysis/test_inventory/buildTestOwnership.m;analysis/test_inventory/runtime_measurement_plan.m;tests/runners/run_mrlfe_fitting_regression_tests.m,none found,tests/runners/run_mrlfe_fitting_regression_tests.m,docs/repository/maintained_entrypoints.md;docs/repository/test_runner_ownership.md;docs/repository/test_suite_runtime_evidence.md,retain,,low,"canonical owner and inventory validation",git-tracked; exact token callers=3; test references=1; documentation references=3,""
tests/models/mrlfe/test_mrlfe_fit_frequency_grid_contract.m,.m,tests,34,29,tests and runners,"mRLFE contract or integration coverage",0,tests/runners/run_mrlfe_fit_public_solver_tests.m,none found,tests/runners/run_mrlfe_fit_public_solver_tests.m,docs/repository/test_suite_runtime_evidence.md,retain,,low,"canonical owner and inventory validation",git-tracked; exact token callers=1; test references=1; documentation references=1,""
tests/models/mrlfe/test_mrlfe_fit_synthetic_A0Like.m,.m,tests,51,42,tests and runners,"mRLFE contract or integration coverage",0,analysis/test_inventory/buildTestOwnership.m;analysis/test_inventory/runtime_measurement_plan.m;tests/runners/run_core_numerical_regression_tests.m,none found,tests/runners/run_core_numerical_regression_tests.m,docs/repository/maintained_entrypoints.md;docs/repository/test_suite_runtime_evidence.md,retain,,low,"canonical owner and inventory validation",git-tracked; exact token callers=3; test references=1; documentation references=2,""
tests/models/mrlfe/test_mrlfe_internal_grid_quality_guard.m,.m,tests,55,40,tests and runners,"mRLFE contract or integration coverage",0,tests/runners/run_mrlfe_smoke_tests.m,none found,tests/models/mrlfe/test_mrlfe_internal_grid_quality_guard.m;tests/runners/run_mrlfe_smoke_tests.m,docs/repository/maintained_entrypoints.md;docs/repository/test_suite_runtime_evidence.md,retain,,low,"canonical owner and inventory validation",git-tracked; exact token callers=1; test references=2; documentation references=2,""
tests/models/mrlfe/test_mrlfe_internal_tracking_grid.m,.m,tests,54,43,tests and runners,"mRLFE contract or integration coverage",0,tests/runners/run_mrlfe_smoke_tests.m,none found,tests/models/mrlfe/test_mrlfe_internal_tracking_grid.m;tests/runners/run_mrlfe_smoke_tests.m,docs/repository/maintained_entrypoints.md;docs/repository/test_suite_runtime_evidence.md,retain,,low,"canonical owner and inventory validation",git-tracked; exact token callers=1; test references=2; documentation references=2,""
tests/models/mrlfe/test_mrlfe_internal_tracking_grid_with_buffer.m,.m,tests,73,58,tests and runners,"mRLFE contract or integration coverage",0,tests/runners/run_mrlfe_smoke_tests.m,none found,tests/models/mrlfe/test_mrlfe_internal_tracking_grid_with_buffer.m;tests/runners/run_mrlfe_smoke_tests.m,docs/repository/maintained_entrypoints.md;docs/repository/test_suite_runtime_evidence.md,retain,,low,"canonical owner and inventory validation",git-tracked; exact token callers=1; test references=2; documentation references=2,""
tests/models/mrlfe/test_mrlfe_legacy_cleanup_characterization.m,.m,tests,87,72,tests and runners,"mRLFE contract or integration coverage",0,tests/runners/run_mrlfe_legacy_cleanup_tests.m,none found,tests/runners/run_mrlfe_legacy_cleanup_tests.m,docs/repository/maintained_entrypoints.md;docs/repository/test_suite_runtime_evidence.md,retain,,low,"canonical owner and inventory validation",git-tracked; exact token callers=1; test references=1; documentation references=2,""
tests/models/mrlfe/test_mrlfe_maintained_entrypoints_naming.m,.m,tests,147,131,tests and runners,"mRLFE contract or integration coverage",0,tests/runners/run_mrlfe_smoke_tests.m,none found,tests/runners/run_mrlfe_smoke_tests.m,docs/repository/maintained_entrypoints.md;docs/repository/test_suite_runtime_evidence.md,retain,,low,"canonical owner and inventory validation",git-tracked; exact token callers=1; test references=1; documentation references=2,""
tests/models/mrlfe/test_mrlfe_model_candidate_names.m,.m,tests,57,45,tests and runners,"mRLFE contract or integration coverage",0,tests/models/mrlfe/test_mrlfe_maintained_entrypoints_naming.m;tests/runners/run_mrlfe_smoke_tests.m,none found,tests/models/mrlfe/test_mrlfe_maintained_entrypoints_naming.m;tests/models/mrlfe/test_mrlfe_model_candidate_names.m;tests/runners/run_mrlfe_smoke_tests.m,docs/repository/maintained_entrypoints.md;docs/repository/test_suite_runtime_evidence.md,retain,,low,"canonical owner and inventory validation",git-tracked; exact token callers=2; test references=3; documentation references=2,""
tests/models/mrlfe/test_mrlfe_neutral_seed_contract.m,.m,tests,42,37,tests and runners,"mRLFE contract or integration coverage",0,tests/runners/run_mrlfe_neutral_production_helper_tests.m,none found,tests/runners/run_mrlfe_neutral_production_helper_tests.m,docs/repository/test_suite_runtime_evidence.md,retain,,low,"canonical owner and inventory validation",git-tracked; exact token callers=1; test references=1; documentation references=1,""
tests/models/mrlfe/test_mrlfe_neutral_tracker_termination_contract.m,.m,tests,62,54,tests and runners,"mRLFE contract or integration coverage",0,tests/runners/run_mrlfe_neutral_production_helper_tests.m,none found,tests/runners/run_mrlfe_neutral_production_helper_tests.m,docs/repository/test_suite_runtime_evidence.md,retain,,low,"canonical owner and inventory validation",git-tracked; exact token callers=1; test references=1; documentation references=1,""
tests/models/mrlfe/test_mrlfe_no_historical_production_dependencies.m,.m,tests,40,34,tests and runners,"mRLFE contract or integration coverage",0,tests/runners/run_mrlfe_neutral_production_helper_tests.m,none found,tests/runners/run_mrlfe_neutral_production_helper_tests.m,docs/repository/test_suite_runtime_evidence.md,retain,,low,"canonical owner and inventory validation",git-tracked; exact token callers=1; test references=1; documentation references=1,""
tests/models/mrlfe/test_mrlfe_no_legacy_route_flags.m,.m,tests,39,34,tests and runners,"mRLFE contract or integration coverage",0,tests/runners/run_mrlfe_legacy_cleanup_tests.m,none found,tests/runners/run_mrlfe_legacy_cleanup_tests.m,docs/repository/maintained_entrypoints.md;docs/repository/test_suite_runtime_evidence.md,retain,,low,"canonical owner and inventory validation",git-tracked; exact token callers=1; test references=1; documentation references=2,""
tests/models/mrlfe/test_mrlfe_no_legacy_routes.m,.m,tests,57,51,tests and runners,"mRLFE contract or integration coverage",0,tests/runners/run_mrlfe_legacy_cleanup_tests.m,none found,tests/runners/run_mrlfe_legacy_cleanup_tests.m,docs/repository/maintained_entrypoints.md;docs/repository/mrlfe_line_and_repository_density_audit.md;docs/repository/test_suite_runtime_evidence.md,retain,,low,"canonical owner and inventory validation",git-tracked; exact token callers=1; test references=1; documentation references=3,""
tests/models/mrlfe/test_mrlfe_numerical_preset_grids.m,.m,tests,92,78,tests and runners,"mRLFE contract or integration coverage",0,analysis/test_inventory/buildTestOwnership.m;tests/runners/run_mrlfe_production_core_contract_tests.m,none found,tests/models/mrlfe/test_mrlfe_numerical_preset_grids.m;tests/runners/run_mrlfe_production_core_contract_tests.m,docs/repository/test_suite_runtime_evidence.md,retain,,low,"canonical owner and inventory validation",git-tracked; exact token callers=2; test references=2; documentation references=1,""
tests/models/mrlfe/test_mrlfe_production_core_characterization.m,.m,tests,66,58,tests and runners,"mRLFE contract or integration coverage",0,analysis/test_inventory/buildTestOwnership.m;analysis/test_inventory/runtime_measurement_plan.m;tests/runners/run_mrlfe_production_core_extended_tests.m,none found,tests/runners/run_mrlfe_production_core_extended_tests.m,docs/repository/test_runner_ownership.md;docs/repository/test_suite_runtime_evidence.md,retain,,low,"canonical owner and inventory validation",git-tracked; exact token callers=3; test references=1; documentation references=2,""
tests/models/mrlfe/test_mrlfe_production_core_contract.m,.m,tests,79,69,tests and runners,"mRLFE contract or integration coverage",0,analysis/test_inventory/buildTestOwnership.m;tests/runners/run_mrlfe_production_core_contract_tests.m,none found,tests/runners/run_mrlfe_production_core_contract_tests.m,docs/repository/test_suite_runtime_evidence.md,retain,,low,"canonical owner and inventory validation",git-tracked; exact token callers=2; test references=1; documentation references=1,""
tests/models/mrlfe/test_mrlfe_production_core_performance.m,.m,tests,45,40,tests and runners,"mRLFE contract or integration coverage",0,analysis/test_inventory/buildTestOwnership.m;analysis/test_inventory/runtime_measurement_plan.m;tests/runners/run_mrlfe_production_core_performance_tests.m,none found,tests/runners/run_mrlfe_production_core_performance_tests.m,docs/repository/test_suite_runtime_evidence.md,retain,,low,"canonical owner and inventory validation",git-tracked; exact token callers=3; test references=1; documentation references=1,""
tests/models/mrlfe/test_mrlfe_production_core_presets.m,.m,tests,32,28,tests and runners,"mRLFE contract or integration coverage",0,analysis/test_inventory/buildTestOwnership.m;tests/runners/run_mrlfe_production_core_extended_tests.m,none found,tests/runners/run_mrlfe_production_core_extended_tests.m,docs/repository/test_suite_final_architecture.md;docs/repository/test_suite_runtime_evidence.md,retain,,low,"canonical owner and inventory validation",git-tracked; exact token callers=2; test references=1; documentation references=2,""
tests/models/mrlfe/test_mrlfe_public_contract_characterization.m,.m,tests,55,48,tests and runners,"mRLFE contract or integration coverage",0,analysis/test_inventory/buildTestOwnership.m;analysis/test_inventory/runtime_measurement_plan.m;tests/runners/run_mrlfe_public_contract_tests.m,none found,tests/runners/run_mrlfe_public_contract_tests.m,docs/repository/test_runner_ownership.md;docs/repository/test_suite_runtime_evidence.md,retain,,low,"canonical owner and inventory validation",git-tracked; exact token callers=3; test references=1; documentation references=2,""
tests/models/mrlfe/test_mrlfe_public_contract_defaults.m,.m,tests,77,66,tests and runners,"mRLFE contract or integration coverage",0,analysis/test_inventory/buildTestOwnership.m;tests/runners/run_mrlfe_public_api_contract_tests.m,none found,tests/runners/run_mrlfe_public_api_contract_tests.m,docs/repository/test_suite_runtime_evidence.md,retain,,low,"canonical owner and inventory validation",git-tracked; exact token callers=2; test references=1; documentation references=1,""
tests/models/mrlfe/test_mrlfe_public_contract_result_schema.m,.m,tests,71,66,tests and runners,"mRLFE contract or integration coverage",0,analysis/test_inventory/buildTestOwnership.m;tests/runners/run_mrlfe_public_result_contract_tests.m,none found,tests/runners/run_mrlfe_public_result_contract_tests.m,docs/repository/test_suite_runtime_evidence.md,retain,,low,"canonical owner and inventory validation",git-tracked; exact token callers=2; test references=1; documentation references=1,""
tests/models/mrlfe/test_mrlfe_public_contract_validation.m,.m,tests,96,76,tests and runners,"mRLFE contract or integration coverage",0,analysis/test_inventory/buildTestOwnership.m;tests/runners/run_mrlfe_public_api_contract_tests.m,none found,tests/runners/run_mrlfe_public_api_contract_tests.m,docs/repository/test_suite_runtime_evidence.md;docs/repository/validation_status.md,retain,,low,"canonical owner and inventory validation",git-tracked; exact token callers=2; test references=1; documentation references=2,""
tests/models/mrlfe/test_mrlfe_public_request_builder.m,.m,tests,76,64,tests and runners,"mRLFE contract or integration coverage",0,tests/runners/run_mrlfe_public_contract_tests.m,none found,tests/runners/run_mrlfe_public_contract_tests.m,,retain,,low,"canonical owner and inventory validation",git-tracked; exact token callers=1; test references=1; documentation references=0,""
tests/models/mrlfe/test_mrlfe_residual_objective_contract.m,.m,tests,46,34,tests and runners,"mRLFE contract or integration coverage",0,tests/runners/run_mrlfe_smoke_tests.m,none found,tests/models/mrlfe/test_mrlfe_residual_objective_contract.m;tests/runners/run_mrlfe_smoke_tests.m,docs/repository/maintained_entrypoints.md;docs/repository/test_suite_runtime_evidence.md,retain,,low,"canonical owner and inventory validation",git-tracked; exact token callers=1; test references=2; documentation references=2,""
tests/models/mrlfe/test_mrlfe_robust_start_contract.m,.m,tests,112,94,tests and runners,"mRLFE contract or integration coverage",0,analysis/test_inventory/buildTestOwnership.m;tests/runners/run_mrlfe_production_core_contract_tests.m,none found,tests/models/mrlfe/test_mrlfe_robust_start_contract.m;tests/runners/run_mrlfe_production_core_contract_tests.m,docs/repository/test_suite_runtime_evidence.md;docs/validation/mrlfe_robust_start.md,retain,,low,"canonical owner and inventory validation",git-tracked; exact token callers=2; test references=2; documentation references=2,""
tests/models/mrlfe/test_mrlfe_smoke.m,.m,tests,47,35,tests and runners,"mRLFE contract or integration coverage",0,tests/models/mrlfe/test_mrlfe_maintained_entrypoints_naming.m;tests/runners/run_mrlfe_smoke_tests.m,none found,tests/models/mrlfe/test_mrlfe_maintained_entrypoints_naming.m;tests/models/mrlfe/test_mrlfe_smoke.m;tests/runners/run_mrlfe_smoke_tests.m,docs/repository/maintained_entrypoints.md;docs/repository/test_suite_runtime_evidence.md,retain,,low,"canonical owner and inventory validation",git-tracked; exact token callers=2; test references=3; documentation references=2,""
tests/models/mrlfe/test_mrlfe_solve_frequency_override.m,.m,tests,62,53,tests and runners,"mRLFE contract or integration coverage",0,analysis/test_inventory/buildTestOwnership.m;tests/runners/run_mrlfe_production_core_contract_tests.m,none found,tests/models/mrlfe/test_mrlfe_solve_frequency_override.m;tests/runners/run_mrlfe_production_core_contract_tests.m,docs/repository/test_suite_runtime_evidence.md,retain,,low,"canonical owner and inventory validation",git-tracked; exact token callers=2; test references=2; documentation references=1,""
tests/models/mrlfe/test_mrlfe_termination_policy.m,.m,tests,35,30,tests and runners,"mRLFE contract or integration coverage",0,analysis/test_inventory/buildTestOwnership.m;tests/runners/run_mrlfe_production_core_contract_tests.m,none found,tests/runners/run_mrlfe_production_core_contract_tests.m,docs/repository/test_suite_runtime_evidence.md,retain,,low,"canonical owner and inventory validation",git-tracked; exact token callers=2; test references=1; documentation references=1,""
tests/models/mrlfe/test_mrlfe_tracking_quality_summary.m,.m,tests,63,50,tests and runners,"mRLFE contract or integration coverage",0,tests/runners/run_mrlfe_smoke_tests.m,none found,tests/models/mrlfe/test_mrlfe_tracking_quality_summary.m;tests/runners/run_mrlfe_smoke_tests.m,docs/repository/maintained_entrypoints.md;docs/repository/test_suite_runtime_evidence.md,retain,,low,"canonical owner and inventory validation",git-tracked; exact token callers=1; test references=2; documentation references=2,""
tests/models/mrlfe/test_mrlfe_tracking_strategy_comparison.m,.m,tests,86,72,tests and runners,"mRLFE contract or integration coverage",0,tests/runners/run_mrlfe_smoke_tests.m,none found,tests/models/mrlfe/test_mrlfe_tracking_strategy_comparison.m;tests/runners/run_mrlfe_smoke_tests.m,docs/repository/maintained_entrypoints.md;docs/repository/test_suite_runtime_evidence.md,retain,,low,"canonical owner and inventory validation",git-tracked; exact token callers=1; test references=2; documentation references=2,""
tests/models/mrlfe/test_mrlfe_viscous_default_internal_tracking_grid.m,.m,tests,50,39,tests and runners,"mRLFE contract or integration coverage",0,tests/runners/run_mrlfe_smoke_tests.m,none found,tests/models/mrlfe/test_mrlfe_viscous_default_internal_tracking_grid.m;tests/runners/run_mrlfe_smoke_tests.m,docs/repository/maintained_entrypoints.md;docs/repository/test_suite_runtime_evidence.md,retain,,low,"canonical owner and inventory validation",git-tracked; exact token callers=1; test references=2; documentation references=2,""
tests/run_mrlfe_legacy_cleanup_tests.m,.m,tests,2,2,tests and runners,"mRLFE contract or integration coverage",0,analysis/test_inventory/buildTestOwnership.m;tests/runners/run_all_smoke_tests.m;tests/runners/run_mrlfe_smoke_tests.m,none found,tests/run_mrlfe_legacy_cleanup_tests.m;tests/runners/run_all_smoke_tests.m;tests/runners/run_mrlfe_smoke_tests.m,docs/models/mrlfe/README.md;docs/repository/maintained_entrypoints.md;docs/repository/repository_hygiene_plan.md;docs/repository/test_runner_ownership.md;docs/repository/validation_status.md;docs/workflows/fitting/validation_suite.md;docs/workflows/gui/adapter_architecture.md;examples/mrlfe/diagnostics/README.md;tests/README.md,retain,,low,"canonical owner and inventory validation",git-tracked; exact token callers=3; test references=3; documentation references=9,""
tests/run_mrlfe_production_core_tests.m,.m,tests,2,2,tests and runners,"mRLFE contract or integration coverage",0,analysis/test_inventory/buildTestInventory.m;analysis/test_inventory/runtime_measurement_plan.m,explicit dynamic reference,tests/run_mrlfe_production_core_tests.m,docs/models/mrlfe/README.md;docs/repository/maintained_entrypoints.md;docs/repository/mrlfe_line_and_repository_density_audit.md;docs/repository/repository_hygiene_plan.md;docs/repository/test_runner_ownership.md;docs/repository/test_suite_runtime_evidence.md;docs/repository/validation_status.md;docs/validation/mrlfe_grid_presets.md;docs/validation/mrlfe_robust_start.md;examples/mrlfe/diagnostics/README.md;tests/README.md,retain,,low,"canonical owner and inventory validation",git-tracked; exact token callers=2; test references=1; documentation references=11,""
tests/run_mrlfe_public_contract_tests.m,.m,tests,2,2,tests and runners,"mRLFE contract or integration coverage",0,analysis/test_inventory/buildTestOwnership.m;tests/runners/run_extended_integration_tests.m,none found,tests/run_mrlfe_public_contract_tests.m;tests/runners/run_extended_integration_tests.m,docs/models/mrlfe/README.md;docs/repository/maintained_entrypoints.md;docs/repository/mrlfe_line_and_repository_density_audit.md;docs/repository/repository_hygiene_plan.md;docs/repository/test_runner_ownership.md;docs/repository/test_suite_final_architecture.md;docs/repository/validation_status.md;examples/mrlfe/diagnostics/README.md;tests/README.md,retain,,low,"canonical owner and inventory validation",git-tracked; exact token callers=2; test references=2; documentation references=9,""
tests/run_mrlfe_smoke_tests.m,.m,tests,2,2,tests and runners,"mRLFE contract or integration coverage",0,analysis/test_inventory/buildTestOwnership.m;tests/runners/run_all_smoke_tests.m;tests/runners/run_quick_smoke_tests.m,none found,tests/run_mrlfe_smoke_tests.m;tests/runners/run_all_smoke_tests.m;tests/runners/run_quick_smoke_tests.m,docs/models/acoustoelastic_iop_hgo/diagnostics/branch_policy_numerical_review.md;docs/repository/maintained_entrypoints.md;docs/repository/repository_hygiene_plan.md;docs/repository/test_runner_ownership.md;docs/repository/validation_status.md;tests/README.md,retain,,low,"canonical owner and inventory validation",git-tracked; exact token callers=3; test references=3; documentation references=6,""
tests/runners/run_mrlfe_fit_public_solver_tests.m,.m,tests,15,12,tests and runners,"mRLFE contract or integration coverage",0,analysis/test_inventory/buildTestOwnership.m;tests/models/mrlfe/test_mrlfe_legacy_cleanup_characterization.m;tests/runners/run_extended_integration_tests.m,none found,tests/models/mrlfe/test_mrlfe_legacy_cleanup_characterization.m;tests/runners/run_extended_integration_tests.m,docs/models/mrlfe/README.md;docs/models/mrlfe/fitting_workflow.md;docs/repository/maintained_entrypoints.md;docs/repository/mrlfe_line_and_repository_density_audit.md;docs/repository/repository_hygiene_plan.md;docs/repository/test_runner_ownership.md;docs/repository/test_suite_runtime_evidence.md;docs/repository/validation_status.md;docs/validation/execution_profile_end_to_end_validation.md;docs/validation/mrlfe_grid_presets.md;docs/workflows/fitting/architecture.md;docs/workflows/fitting/validation_suite.md;docs/workflows/gui/mrlfe_atlas_policy_integration.md;examples/mrlfe/diagnostics/README.md;tests/README.md,retain,,low,"canonical owner and inventory validation",git-tracked; exact token callers=3; test references=2; documentation references=15,""
tests/runners/run_mrlfe_fitting_regression_tests.m,.m,tests,13,9,tests and runners,"mRLFE contract or integration coverage",0,analysis/test_inventory/buildTestOwnership.m;tests/runners/run_extended_integration_tests.m,none found,tests/runners/run_extended_integration_tests.m,docs/repository/test_runner_ownership.md;docs/repository/test_suite_runtime_evidence.md,retain,,low,"canonical owner and inventory validation",git-tracked; exact token callers=2; test references=1; documentation references=2,""
tests/runners/run_mrlfe_legacy_cleanup_tests.m,.m,tests,13,10,tests and runners,"mRLFE contract or integration coverage",0,analysis/test_inventory/buildTestOwnership.m;tests/run_mrlfe_legacy_cleanup_tests.m;tests/runners/run_all_smoke_tests.m;tests/runners/run_mrlfe_smoke_tests.m,none found,tests/run_mrlfe_legacy_cleanup_tests.m;tests/runners/run_all_smoke_tests.m;tests/runners/run_mrlfe_smoke_tests.m,docs/models/mrlfe/README.md;docs/repository/maintained_entrypoints.md;docs/repository/repository_hygiene_plan.md;docs/repository/test_runner_ownership.md;docs/repository/validation_status.md;docs/workflows/fitting/validation_suite.md;docs/workflows/gui/adapter_architecture.md;examples/mrlfe/diagnostics/README.md;tests/README.md,retain,,low,"canonical owner and inventory validation",git-tracked; exact token callers=4; test references=3; documentation references=9,""
tests/runners/run_mrlfe_main_gui_public_solver_tests.m,.m,tests,14,11,tests and runners,"mRLFE contract or integration coverage",0,analysis/test_inventory/buildTestOwnership.m;tests/runners/run_extended_integration_tests.m,none found,tests/runners/run_extended_integration_tests.m,docs/models/mrlfe/README.md;docs/repository/maintained_entrypoints.md;docs/repository/mrlfe_line_and_repository_density_audit.md;docs/repository/repository_hygiene_plan.md;docs/repository/test_runner_ownership.md;docs/repository/validation_status.md;examples/mrlfe/diagnostics/README.md,retain,,low,"canonical owner and inventory validation",git-tracked; exact token callers=2; test references=1; documentation references=7,""
tests/runners/run_mrlfe_neutral_production_helper_tests.m,.m,tests,14,11,tests and runners,"mRLFE contract or integration coverage",0,analysis/test_inventory/buildTestOwnership.m;tests/runners/run_extended_integration_tests.m,none found,tests/runners/run_extended_integration_tests.m,docs/models/mrlfe/README.md;docs/repository/repository_hygiene_plan.md;docs/repository/test_runner_ownership.md;docs/repository/validation_status.md,retain,,low,"canonical owner and inventory validation",git-tracked; exact token callers=2; test references=1; documentation references=4,""
tests/runners/run_mrlfe_production_core_contract_tests.m,.m,tests,16,12,tests and runners,"mRLFE contract or integration coverage",0,analysis/test_inventory/buildTestOwnership.m;tests/runners/run_mrlfe_production_core_tests.m;tests/runners/run_numerical_regression_tests.m,none found,tests/runners/run_mrlfe_production_core_tests.m;tests/runners/run_numerical_regression_tests.m,docs/repository/test_runner_ownership.md;docs/repository/validation_status.md,retain,,low,"canonical owner and inventory validation",git-tracked; exact token callers=3; test references=2; documentation references=2,""
tests/runners/run_mrlfe_production_core_extended_tests.m,.m,tests,13,9,tests and runners,"mRLFE contract or integration coverage",0,analysis/test_inventory/buildTestOwnership.m;tests/runners/run_mrlfe_neutral_production_helper_tests.m;tests/runners/run_mrlfe_production_core_tests.m,none found,tests/runners/run_mrlfe_neutral_production_helper_tests.m;tests/runners/run_mrlfe_production_core_tests.m,,retain,,low,"canonical owner and inventory validation",git-tracked; exact token callers=3; test references=2; documentation references=0,""
tests/runners/run_mrlfe_production_core_performance_tests.m,.m,tests,12,8,tests and runners,"mRLFE contract or integration coverage",0,analysis/test_inventory/buildTestOwnership.m;tests/runners/run_mrlfe_production_core_tests.m;tests/runners/run_performance_and_benchmark_tests.m,none found,tests/runners/run_mrlfe_production_core_tests.m;tests/runners/run_performance_and_benchmark_tests.m,,retain,,low,"canonical owner and inventory validation",git-tracked; exact token callers=3; test references=2; documentation references=0,""
tests/runners/run_mrlfe_production_core_tests.m,.m,tests,16,10,tests and runners,"mRLFE contract or integration coverage",0,analysis/test_inventory/buildTestInventory.m;analysis/test_inventory/runtime_measurement_plan.m;tests/run_mrlfe_production_core_tests.m,explicit dynamic reference,tests/run_mrlfe_production_core_tests.m,docs/models/mrlfe/README.md;docs/repository/maintained_entrypoints.md;docs/repository/mrlfe_line_and_repository_density_audit.md;docs/repository/repository_hygiene_plan.md;docs/repository/test_runner_ownership.md;docs/repository/test_suite_runtime_evidence.md;docs/repository/validation_status.md;docs/validation/mrlfe_grid_presets.md;docs/validation/mrlfe_robust_start.md;examples/mrlfe/diagnostics/README.md;tests/README.md,retain,,low,"canonical owner and inventory validation",git-tracked; exact token callers=3; test references=1; documentation references=11,""
tests/runners/run_mrlfe_public_api_contract_tests.m,.m,tests,12,9,tests and runners,"mRLFE contract or integration coverage",0,analysis/test_inventory/buildTestOwnership.m;tests/runners/run_mrlfe_public_contract_tests.m;tests/runners/run_quick_contract_tests.m,none found,tests/runners/run_mrlfe_public_contract_tests.m;tests/runners/run_quick_contract_tests.m,docs/repository/test_runner_ownership.md;docs/repository/test_suite_runtime_evidence.md,retain,,low,"canonical owner and inventory validation",git-tracked; exact token callers=3; test references=2; documentation references=2,""
tests/runners/run_mrlfe_public_contract_tests.m,.m,tests,39,32,tests and runners,"mRLFE contract or integration coverage",0,analysis/test_inventory/buildTestOwnership.m;tests/run_mrlfe_public_contract_tests.m;tests/runners/run_extended_integration_tests.m,none found,tests/run_mrlfe_public_contract_tests.m;tests/runners/run_extended_integration_tests.m,docs/models/mrlfe/README.md;docs/repository/maintained_entrypoints.md;docs/repository/mrlfe_line_and_repository_density_audit.md;docs/repository/repository_hygiene_plan.md;docs/repository/test_runner_ownership.md;docs/repository/test_suite_final_architecture.md;docs/repository/validation_status.md;examples/mrlfe/diagnostics/README.md;tests/README.md,retain,,low,"canonical owner and inventory validation",git-tracked; exact token callers=3; test references=2; documentation references=9,""
tests/runners/run_mrlfe_public_result_contract_tests.m,.m,tests,12,8,tests and runners,"mRLFE contract or integration coverage",0,analysis/test_inventory/buildTestOwnership.m;tests/runners/run_mrlfe_public_contract_tests.m;tests/runners/run_numerical_regression_tests.m,none found,tests/runners/run_mrlfe_public_contract_tests.m;tests/runners/run_numerical_regression_tests.m,docs/repository/test_runner_ownership.md,retain,,low,"canonical owner and inventory validation",git-tracked; exact token callers=3; test references=2; documentation references=1,""
tests/runners/run_mrlfe_smoke_tests.m,.m,tests,113,87,tests and runners,"mRLFE contract or integration coverage",0,analysis/test_inventory/buildTestOwnership.m;tests/run_mrlfe_smoke_tests.m;tests/runners/run_all_smoke_tests.m;tests/runners/run_quick_smoke_tests.m,none found,tests/run_mrlfe_smoke_tests.m;tests/runners/run_all_smoke_tests.m;tests/runners/run_quick_smoke_tests.m,docs/models/acoustoelastic_iop_hgo/diagnostics/branch_policy_numerical_review.md;docs/repository/maintained_entrypoints.md;docs/repository/repository_hygiene_plan.md;docs/repository/test_runner_ownership.md;docs/repository/validation_status.md;tests/README.md,retain,,low,"canonical owner and inventory validation",git-tracked; exact token callers=4; test references=3; documentation references=6,""
tests/runners/run_mrlfe_sweeptool_public_solver_tests.m,.m,tests,13,10,tests and runners,"mRLFE contract or integration coverage",0,analysis/test_inventory/buildTestOwnership.m;tests/runners/run_extended_integration_tests.m,none found,tests/runners/run_extended_integration_tests.m,docs/models/mrlfe/README.md;docs/repository/maintained_entrypoints.md;docs/repository/mrlfe_line_and_repository_density_audit.md;docs/repository/repository_hygiene_plan.md;docs/repository/test_runner_ownership.md;docs/repository/validation_status.md;examples/mrlfe/diagnostics/README.md,retain,,low,"canonical owner and inventory validation",git-tracked; exact token callers=2; test references=1; documentation references=7,""
tests/shared/fitting/test_fit_validation_mrlfe.m,.m,tests,57,47,tests and runners,"mRLFE contract or integration coverage",0,tests/runners/run_fit_validation_tests.m,none found,tests/runners/run_fit_validation_tests.m,docs/repository/maintained_entrypoints.md;docs/repository/test_suite_runtime_evidence.md;docs/workflows/fitting/validation_suite.md;tests/README.md,retain,,low,"canonical owner and inventory validation",git-tracked; exact token callers=1; test references=1; documentation references=4,""
tests/shared/fitting/test_fit_validation_mrlfe_hidden_params.m,.m,tests,41,28,tests and runners,"mRLFE contract or integration coverage",0,tests/runners/run_fit_validation_tests.m,none found,tests/runners/run_fit_validation_tests.m,docs/repository/maintained_entrypoints.md;docs/repository/test_suite_runtime_evidence.md;docs/workflows/fitting/validation_suite.md;tests/README.md,retain,,low,"canonical owner and inventory validation",git-tracked; exact token callers=1; test references=1; documentation references=4,""
